comp_id,smiles,bioactivity,y_label
CHEMBL113081,c1ccc(-c2nc3c(-c4nc5ccccc5o4)cccc3o2)cc1,100000.0,negative
CHEMBL324340,Cc1ccc2oc(-c3cccc(N4C(=O)c5ccc(C(=O)O)cc5C4=O)c3)nc2c1,2500.0,negative
CHEMBL324340,Cc1ccc2oc(-c3cccc(N4C(=O)c5ccc(C(=O)O)cc5C4=O)c3)nc2c1,50000.0,negative
CHEMBL109600,COc1ccccc1-c1ccc2oc(-c3ccc(OC)c(N4C(=O)c5ccc(C(=O)O)cc5C4=O)c3)nc2c1,9000.0,negative
CHEMBL357278,Cc1nc2cc(OC[C@H](O)CN3CCN(CC(=O)Nc4ccc(Cl)c(C(F)(F)F)c4)CC3)ccc2s1,4000.0,negative
CHEMBL357119,Cc1nc2cc(OC[C@H](O)CN3CCN(CC(=O)NCCc4ccccc4)CC3)ccc2s1,17000.0,negative
CHEMBL152968,Cc1nc2cc(OC[C@H](O)CN3CCN(CC(=O)Nc4cccc(-c5ccccc5)c4)CC3)ccc2s1,180.0,negative
CHEMBL152968,Cc1nc2cc(OC[C@H](O)CN3CCN(CC(=O)Nc4cccc(-c5ccccc5)c4)CC3)ccc2s1,6000.0,negative
CHEMBL152968,Cc1nc2cc(OC[C@H](O)CN3CCN(CC(=O)Nc4cccc(-c5ccccc5)c4)CC3)ccc2s1,37000.0,negative
CHEMBL152968,Cc1nc2cc(OC[C@H](O)CN3CCN(CC(=O)Nc4cccc(-c5ccccc5)c4)CC3)ccc2s1,24000.0,negative
CHEMBL174698,Cc1cn(C2C=CC(COC(=O)CN3CCNCC3)O2)c(=O)[nH]c1=O,63.6,negative
CHEMBL295054,C[n+]1ccc2c([nH]c3ccccc32)c1-c1ccccc1.Cc1ccc(S(=O)(=O)[O-])cc1,13000.0,negative
CHEMBL305153,CC(C)(C)NC[C@H](O)CON=C1c2ccccc2-c2ccccc21,29.4,negative
CHEMBL305153,CC(C)(C)NC[C@H](O)CON=C1c2ccccc2-c2ccccc21,30.8,negative
CHEMBL156707,O=C(O)c1cnc2cc(OCCOc3ccc4ccccc4c3)ccc2c1O,1584.89,negative
CHEMBL279087,CCOC(=O)c1cn2c(n1)sc1ccccc12,120.0,negative
CHEMBL279969,CCSc1nc2nc(C(=O)c3ccccc3)cn2c2c1CCC2,1850.0,negative
CHEMBL20214,CCCc1c(OC)nc2nc(C(=O)c3ccccc3)cn2c1CC,34.0,negative
CHEMBL277617,CCc1c(OC)nc2nc(C(=O)c3ccccc3)cn2c1CC,107.0,negative
CHEMBL3350133,CN1CC[C@]23c4c5ccc(O)c4O[C@H]2[C@@H](NC(=O)CNC(=O)CCC(=O)NCC(=O)N[C@H]2CC[C@@]4(O)[C@H]6Cc7ccc(O)c8c7[C@@]4(CCN6C)[C@H]2O8)CC[C@@]3(O)[C@H]1C5,22.0,negative
CHEMBL15886,CC[N+](C)(CC)CC(=O)CCN1C(=O)CCC1=O.[I-],100000.0,negative
CHEMBL15886,CC[N+](C)(CC)CC(=O)CCN1C(=O)CCC1=O.[I-],170000.0,negative
CHEMBL1202755,CC(CCCc1cccnc1)NC(=O)c1ccc2nc3ccc(C(C)C)cc3c(=O)n2c1.Cl.Cl,8000.0,negative
CHEMBL1202755,CC(CCCc1cccnc1)NC(=O)c1ccc2nc3ccc(C(C)C)cc3c(=O)n2c1.Cl.Cl,1000.0,negative
CHEMBL542565,Cl.NCCn1nc2c3c(c(NCCCNCCO)ccc31)C(=O)c1c(O)ccc(O)c1-2,870.0,negative
CHEMBL543512,CN(C)CCNCCNc1ccc2c3c(nn2CCN)-c2c(O)ccc(O)c2C(=O)c13.Cl,930.0,negative
CHEMBL23228,CCN1CCC[C@H]1CNC(=O)c1c(OC)ccc(C)c1O,19.0,negative
CHEMBL21222,COc1cc2nc(C(=O)c3ccccc3)cn2c2ccc(C(C)C)cc12,10.0,negative
CHEMBL21087,CC(C)OC(=O)c1cn2c(n1)sc1ccccc12,160.0,negative
CHEMBL296346,S=C(NCN1CCOCC1)Nc1ccc(Br)cn1,10000.0,negative
CHEMBL296346,S=C(NCN1CCOCC1)Nc1ccc(Br)cn1,3800.0,negative
CHEMBL296346,S=C(NCN1CCOCC1)Nc1ccc(Br)cn1,1000.0,negative
CHEMBL129,Cc1cn([C@H]2C[C@H](N=[N+]=[N-])[C@@H](CO)O2)c(=O)[nH]c1=O,4.0,negative
CHEMBL129,Cc1cn([C@H]2C[C@H](N=[N+]=[N-])[C@@H](CO)O2)c(=O)[nH]c1=O,150.0,negative
CHEMBL129,Cc1cn([C@H]2C[C@H](N=[N+]=[N-])[C@@H](CO)O2)c(=O)[nH]c1=O,6.0,negative
CHEMBL129,Cc1cn([C@H]2C[C@H](N=[N+]=[N-])[C@@H](CO)O2)c(=O)[nH]c1=O,4.0,negative
CHEMBL303519,c1cnc(N2CCN(Cc3cccc4c3Cc3ccccc3-4)CC2)nc1,9800.0,negative
CHEMBL303519,c1cnc(N2CCN(Cc3cccc4c3Cc3ccccc3-4)CC2)nc1,5600.0,negative
CHEMBL303519,c1cnc(N2CCN(Cc3cccc4c3Cc3ccccc3-4)CC2)nc1,20.0,negative
CHEMBL303519,c1cnc(N2CCN(Cc3cccc4c3Cc3ccccc3-4)CC2)nc1,10000.0,negative
CHEMBL122071,CC(=O)O[C@@H]1CC(=O)N1C(=O)NC(C)C,100000.0,negative
CHEMBL48946,COc1cc(OC)c(NC(=O)N(c2ccccc2)c2nnn(CCCCCCCCOC3CCCCO3)n2)c(OC)c1,41.0,negative
CHEMBL415967,O=P(O)(O)C(Cc1ccc2ccccc2c1)N[C@@H](Cc1ccc(-c2ccccc2)cc1)c1nnn[nH]1,45.0,negative
CHEMBL415967,O=P(O)(O)C(Cc1ccc2ccccc2c1)N[C@@H](Cc1ccc(-c2ccccc2)cc1)c1nnn[nH]1,6.9,negative
CHEMBL50381,COc1ccc(-c2nc(SCCCCCN(CCCn3ccnc3)C(=O)NC(C)C)[nH]c2-c2ccc(OC)cc2)cc1,5500.0,negative
CHEMBL431940,CN(C)c1ccc(-c2nc(SCCCCCN(CCCCCSc3nc(-c4ccccc4)c(-c4ccccc4)[nH]3)C(=O)Nc3ccc(F)cc3F)[nH]c2-c2ccc(N(C)C)cc2)cc1,3.0,negative
CHEMBL431940,CN(C)c1ccc(-c2nc(SCCCCCN(CCCCCSc3nc(-c4ccccc4)c(-c4ccccc4)[nH]3)C(=O)Nc3ccc(F)cc3F)[nH]c2-c2ccc(N(C)C)cc2)cc1,450.0,negative
CHEMBL140442,COC(=O)CC[C@H](CCO)C[C@@H](C)[C@@H]1CC(=O)[C@H](C)/C=C(\C)[C@@H](O)[C@@H](OC)C(=O)[C@H](C)C[C@H](C)/C=C/C=C/C=C(\C)[C@@H](OC)C[C@@H]2CC[C@@H](C)[C@@](O)(O2)C(=O)C(=O)N2CCCC[C@H]2C(=O)O1,3.4,negative
CHEMBL140442,COC(=O)CC[C@H](CCO)C[C@@H](C)[C@@H]1CC(=O)[C@H](C)/C=C(\C)[C@@H](O)[C@@H](OC)C(=O)[C@H](C)C[C@H](C)/C=C/C=C/C=C(\C)[C@@H](OC)C[C@@H]2CC[C@@H](C)[C@@](O)(O2)C(=O)C(=O)N2CCCC[C@H]2C(=O)O1,200.0,negative
CHEMBL140442,COC(=O)CC[C@H](CCO)C[C@@H](C)[C@@H]1CC(=O)[C@H](C)/C=C(\C)[C@@H](O)[C@@H](OC)C(=O)[C@H](C)C[C@H](C)/C=C/C=C/C=C(\C)[C@@H](OC)C[C@@H]2CC[C@@H](C)[C@@](O)(O2)C(=O)C(=O)N2CCCC[C@H]2C(=O)O1,380.0,negative
CHEMBL117716,N=C(N)N1CCC[C@H](NC(=O)CNC(=O)[C@@H](CCNC(=O)c2ccc3ccccc3n2)NS(=O)(=O)Cc2ccccc2)C1O,44.4,negative
CHEMBL117716,N=C(N)N1CCC[C@H](NC(=O)CNC(=O)[C@@H](CCNC(=O)c2ccc3ccccc3n2)NS(=O)(=O)Cc2ccccc2)C1O,1270.0,negative
CHEMBL117716,N=C(N)N1CCC[C@H](NC(=O)CNC(=O)[C@@H](CCNC(=O)c2ccc3ccccc3n2)NS(=O)(=O)Cc2ccccc2)C1O,1440.0,negative
CHEMBL117716,N=C(N)N1CCC[C@H](NC(=O)CNC(=O)[C@@H](CCNC(=O)c2ccc3ccccc3n2)NS(=O)(=O)Cc2ccccc2)C1O,59.2,negative
CHEMBL345415,C/C(C#Cc1ccccc1)=C/CO/N=C1/CN2CCC1C2,181.0,negative
CHEMBL345415,C/C(C#Cc1ccccc1)=C/CO/N=C1/CN2CCC1C2,1.07,negative
CHEMBL326085,COc1cc(C)cc2c1Oc1ccc([C@H](CC(C)C)OC(C)=O)c(OC)c1C(=O)OC2,21000.0,negative
CHEMBL326085,COc1cc(C)cc2c1Oc1ccc([C@H](CC(C)C)OC(C)=O)c(OC)c1C(=O)OC2,100000.0,negative
CHEMBL290133,CCc1cccn1C1=CC(C)(C)Oc2ccc(C#N)cc21,20000.0,negative
CHEMBL79591,COc1cc2c(cc1O)CCCc1cc(OC)c(OC)c(OC)c1-2,5300.0,negative
CHEMBL86971,CCN(C(C)C)S(=O)(=O)CC[C@@H]1O[C@@H]1[C@H](Cc1ccccc1)NC(=O)[C@@H](NC(=O)OCc1ccccc1)C(C)(C)S(C)(=O)=O,10.9,negative
CHEMBL312911,CC(C)C(NC(=O)C[C@@H]1O[C@@H]1[C@H](Cc1ccccc1)NC(=O)[C@H](CC(N)=O)NC(=O)c1ccc2ccccc2n1)C(C)C,20.0,negative
CHEMBL21521,CC[C@H](C)[C@H](NC(=O)[C@H](Cc1ccc(O)cc1)NC(=O)c1[nH]c2c(OCCCCCN)cccc2c1CCCCCCN)C(=O)N[C@@H](CC(C)C)C(=O)O.O=C(O)C(F)(F)F,1300.0,negative
CHEMBL312763,O=C(O)COc1c(F)cc(SCCNS(=O)(=O)c2ccc(Cl)cc2)cc1F,340.0,negative
CHEMBL76526,COc1ccc(-c2cc(Oc3ccc([N+](=O)[O-])cc3)nnc2-c2ccc(OC)cc2)cc1,630.0,negative
CHEMBL302455,Cc1cc(COc2ccc(N3CC[C@H]([C@H](NC(=O)c4ccccc4)C(=O)NO)C3=O)cc2)c2ccccc2n1,1.0,negative
CHEMBL302455,Cc1cc(COc2ccc(N3CC[C@H]([C@H](NC(=O)c4ccccc4)C(=O)NO)C3=O)cc2)c2ccccc2n1,9100.0,negative
CHEMBL60373,COC(=O)N[C@H](C(=O)NO)[C@H]1CCN(c2ccc(OCc3cc(C)nc4ccccc34)cc2)C1=O,1.0,negative
CHEMBL60373,COC(=O)N[C@H](C(=O)NO)[C@H]1CCN(c2ccc(OCc3cc(C)nc4ccccc34)cc2)C1=O,2650.0,negative
CHEMBL79902,COc1ccc2c(Cc3c(Cl)c[n+]([O-])cc3Cl)nnc(-c3nccs3)c2c1,4.0,negative
CHEMBL79902,COc1ccc2c(Cc3c(Cl)c[n+]([O-])cc3Cl)nnc(-c3nccs3)c2c1,3.981,negative
CHEMBL421343,COc1ccc2c(c1OC1CCCC1)CN(C(C)=O)N=C2Cc1c(Cl)cncc1Cl,30.0,negative
CHEMBL421343,COc1ccc2c(c1OC1CCCC1)CN(C(C)=O)N=C2Cc1c(Cl)cncc1Cl,30.2,negative
CHEMBL82934,COc1ccc2c(c1)CN(C(N)=O)N=C2Cc1c(Cl)cncc1Cl,36.0,negative
CHEMBL82934,COc1ccc2c(c1)CN(C(N)=O)N=C2Cc1c(Cl)cncc1Cl,36.31,negative
CHEMBL111217,CC(/C=C/C(F)=C(/C)c1cc(C(C)(C)C)cc(C(C)(C)C)c1OCC(F)F)=C\C(=O)O,6.8,negative
CHEMBL111217,CC(/C=C/C(F)=C(/C)c1cc(C(C)(C)C)cc(C(C)(C)C)c1OCC(F)F)=C\C(=O)O,63.0,negative
CHEMBL111217,CC(/C=C/C(F)=C(/C)c1cc(C(C)(C)C)cc(C(C)(C)C)c1OCC(F)F)=C\C(=O)O,6.4,negative
CHEMBL415341,CCCCC(=O)N[C@@H]1CC(=O)NCCCC[C@@H](C(N)=O)NC(=O)[C@H](Cc2c[nH]c3ccccc23)NC(=O)[C@@H](CCCN=C(N)N)NC(=O)[C@H](Cc2ccccc2)NC(=O)C2(CCc3c(Cl)cccc3C2)NC1=O,9.0,negative
CHEMBL437822,CCCCC(=O)N[C@@H]1CC(=O)NCCCC[C@@H](C(N)=O)NC(=O)[C@H](Cc2c[nH]c3ccccc23)NC(=O)[C@@H](CCCN=C(N)N)NC(=O)[C@H](Cc2ccccc2)NC(=O)C2(CCc3c(cccc3OC(C)C)C2)NC1=O,7.0,negative
CHEMBL437822,CCCCC(=O)N[C@@H]1CC(=O)NCCCC[C@@H](C(N)=O)NC(=O)[C@H](Cc2c[nH]c3ccccc23)NC(=O)[C@@H](CCCN=C(N)N)NC(=O)[C@H](Cc2ccccc2)NC(=O)C2(CCc3c(cccc3OC(C)C)C2)NC1=O,1330.0,negative
CHEMBL285848,CCCC[C@@H](C)/C=C(C)/C=C(\C)C(=O)NC1=C[C@@](O)(/C=C/C=C/C=C/C(=O)NC2=C(O)CCC2=O)[C@@H]2O[C@@H]2C1=O,11900.0,negative
CHEMBL342713,O=C(NO)[C@H]1CCC[C@@H]1C(=O)Nc1ccc(OCc2ccccc2)cc1,110.0,negative
CHEMBL342713,O=C(NO)[C@H]1CCC[C@@H]1C(=O)Nc1ccc(OCc2ccccc2)cc1,50000.0,negative
CHEMBL68920,Cc1cc(C)c(/C=C2\C(=O)Nc3ncnc(Nc4ccc(F)c(Cl)c4)c32)[nH]1,41.0,negative
CHEMBL68920,Cc1cc(C)c(/C=C2\C(=O)Nc3ncnc(Nc4ccc(F)c(Cl)c4)c32)[nH]1,100000.0,negative
CHEMBL68920,Cc1cc(C)c(/C=C2\C(=O)Nc3ncnc(Nc4ccc(F)c(Cl)c4)c32)[nH]1,16500.0,negative
CHEMBL68920,Cc1cc(C)c(/C=C2\C(=O)Nc3ncnc(Nc4ccc(F)c(Cl)c4)c32)[nH]1,300.0,negative
CHEMBL68920,Cc1cc(C)c(/C=C2\C(=O)Nc3ncnc(Nc4ccc(F)c(Cl)c4)c32)[nH]1,300.0,negative
CHEMBL68920,Cc1cc(C)c(/C=C2\C(=O)Nc3ncnc(Nc4ccc(F)c(Cl)c4)c32)[nH]1,7820.0,negative
CHEMBL68920,Cc1cc(C)c(/C=C2\C(=O)Nc3ncnc(Nc4ccc(F)c(Cl)c4)c32)[nH]1,2500.0,negative
CHEMBL69960,Cc1cc(C(=O)N2CCOCC2)[nH]c1/C=C1\C(=O)Nc2ncnc(Nc3ccc(F)c(Cl)c3)c21,170.0,negative
CHEMBL69960,Cc1cc(C(=O)N2CCOCC2)[nH]c1/C=C1\C(=O)Nc2ncnc(Nc3ccc(F)c(Cl)c3)c21,20000.0,negative
CHEMBL69960,Cc1cc(C(=O)N2CCOCC2)[nH]c1/C=C1\C(=O)Nc2ncnc(Nc3ccc(F)c(Cl)c3)c21,20000.0,negative
CHEMBL69960,Cc1cc(C(=O)N2CCOCC2)[nH]c1/C=C1\C(=O)Nc2ncnc(Nc3ccc(F)c(Cl)c3)c21,40.0,negative
CHEMBL69960,Cc1cc(C(=O)N2CCOCC2)[nH]c1/C=C1\C(=O)Nc2ncnc(Nc3ccc(F)c(Cl)c3)c21,400.0,negative
CHEMBL69960,Cc1cc(C(=O)N2CCOCC2)[nH]c1/C=C1\C(=O)Nc2ncnc(Nc3ccc(F)c(Cl)c3)c21,440.0,negative
CHEMBL69960,Cc1cc(C(=O)N2CCOCC2)[nH]c1/C=C1\C(=O)Nc2ncnc(Nc3ccc(F)c(Cl)c3)c21,1210.0,negative
CHEMBL27759,Nc1ccccc1NC(=O)c1ccc(CNC(=O)OCc2cccnc2)cc1,5400.0,negative
CHEMBL300266,CN(CCCN(C)S(=O)(=O)c1ccc(Cl)c([N+](=O)[O-])c1)S(=O)(=O)c1ccc(Cl)c([N+](=O)[O-])c1,6000.0,negative
CHEMBL174142,CC(C)c1cc(CN2CCOCC2)cc(C(C)C)c1,30000.0,negative
CHEMBL330643,CC(C)(C)c1ccc(Cn2c(=N)n(CC(=O)c3cc(C(C)(C)C)c(O)c(C(C)(C)C)c3)c3ccccc32)cc1,734.0,negative
CHEMBL446612,CC(C)C[C@H](NC(=O)CC[C@H](N)C(=O)O)C(=O)N[C@@H](CCC(=O)O)C(=O)O,227000.0,negative
CHEMBL170335,C/C=C/C=C/C=C/C(=O)O[C@@H]1C=C2COC(O)[C@]2(O)[C@@]2(C)CCCC(C)(C)C12,65000.0,negative
CHEMBL170335,C/C=C/C=C/C=C/C(=O)O[C@@H]1C=C2COC(O)[C@]2(O)[C@@]2(C)CCCC(C)(C)C12,21000.0,negative
CHEMBL170335,C/C=C/C=C/C=C/C(=O)O[C@@H]1C=C2COC(O)[C@]2(O)[C@@]2(C)CCCC(C)(C)C12,62000.0,negative
CHEMBL170335,C/C=C/C=C/C=C/C(=O)O[C@@H]1C=C2COC(O)[C@]2(O)[C@@]2(C)CCCC(C)(C)C12,41000.0,negative
CHEMBL69638,Nc1ncnc2c1c(-c1cccc(Oc3ccccc3)c1)cn2C1CCCC1,140.0,negative
CHEMBL69638,Nc1ncnc2c1c(-c1cccc(Oc3ccccc3)c1)cn2C1CCCC1,1180.0,negative
CHEMBL69638,Nc1ncnc2c1c(-c1cccc(Oc3ccccc3)c1)cn2C1CCCC1,1200.0,negative
CHEMBL69638,Nc1ncnc2c1c(-c1cccc(Oc3ccccc3)c1)cn2C1CCCC1,10000.0,negative
CHEMBL69638,Nc1ncnc2c1c(-c1cccc(Oc3ccccc3)c1)cn2C1CCCC1,1000.0,negative
CHEMBL69638,Nc1ncnc2c1c(-c1cccc(Oc3ccccc3)c1)cn2C1CCCC1,7100.0,negative
CHEMBL69638,Nc1ncnc2c1c(-c1cccc(Oc3ccccc3)c1)cn2C1CCCC1,3400.0,negative
CHEMBL75193,Cc1cc(C(=O)Nc2cc(Cl)cc(Cl)c2)nn1-c1ccccc1,759.0,negative
CHEMBL73378,COc1cccc(-n2nc(C(=O)Nc3cc(Cl)cc(Cl)c3)cc2C)c1,1000.0,negative
CHEMBL65614,CCOC(=O)c1cn(Cc2c(F)cccc2F)c2nc(-c3ccc(NC(=O)C4CC4)cc3)c(CN(C)Cc3ccccc3)n2c1=O,5.0,negative
CHEMBL292773,C=CC(=O)Nc1ccc(-c2nc3n(Cc4c(F)cccc4F)cc(C(=O)OCC)c(=O)n3c2CN(C)Cc2ccccc2)cc1,3.0,negative
CHEMBL432162,Cc1nc(C)c2c(n1)N(Cc1ccc(-c3ccccc3-c3nnn[nH]3)cc1)C(=O)CC2,5.2,negative
CHEMBL540596,Cc1cccc(NC(=O)N[C@H]2N=C(N3CC4CCC(CC4)C3)c3ccccc3N(C)C2=O)c1.Cl,6.5,negative
CHEMBL540596,Cc1cccc(NC(=O)N[C@H]2N=C(N3CC4CCC(CC4)C3)c3ccccc3N(C)C2=O)c1.Cl,26.75,negative
CHEMBL166062,CCN1CCCC(N2C(=O)c3cccc4cc5ccccc5c(c34)C2=O)C1,1650.0,negative
CHEMBL166062,CCN1CCCC(N2C(=O)c3cccc4cc5ccccc5c(c34)C2=O)C1,1185.0,negative
CHEMBL166062,CCN1CCCC(N2C(=O)c3cccc4cc5ccccc5c(c34)C2=O)C1,635.0,negative
CHEMBL166062,CCN1CCCC(N2C(=O)c3cccc4cc5ccccc5c(c34)C2=O)C1,609.0,negative
CHEMBL166062,CCN1CCCC(N2C(=O)c3cccc4cc5ccccc5c(c34)C2=O)C1,8760.0,negative
CHEMBL163792,O=C1c2cccc3cc4ccccc4c(c23)C(=O)N1c1cccnc1,2493.0,negative
CHEMBL163792,O=C1c2cccc3cc4ccccc4c(c23)C(=O)N1c1cccnc1,1939.0,negative
CHEMBL163792,O=C1c2cccc3cc4ccccc4c(c23)C(=O)N1c1cccnc1,544.0,negative
CHEMBL163792,O=C1c2cccc3cc4ccccc4c(c23)C(=O)N1c1cccnc1,554.0,negative
CHEMBL163792,O=C1c2cccc3cc4ccccc4c(c23)C(=O)N1c1cccnc1,25000.0,negative
CHEMBL556829,Cc1ccsc1C(=CCCN1CCC[C@H](C(=O)O)C1)c1sccc1C.Cl,218.0,negative
CHEMBL1203068,CCC(CC)CN1CCN(S(=O)(=O)CCCOc2ccc3[nH]c4nc(O)nc-4cc3c2)CC1.Cl,5.14,negative
CHEMBL1203068,CCC(CC)CN1CCN(S(=O)(=O)CCCOc2ccc3[nH]c4nc(O)nc-4cc3c2)CC1.Cl,0.16,negative
CHEMBL1203068,CCC(CC)CN1CCN(S(=O)(=O)CCCOc2ccc3[nH]c4nc(O)nc-4cc3c2)CC1.Cl,0.04,negative
CHEMBL112418,CCOC(=O)N1CCC(S(=O)(=O)CCCCOc2ccc3[nH]c4nc(O)nc-4cc3c2)CC1,0.41,negative
CHEMBL1203045,Cl.Oc1nc2cc3cc(OCCCCc4nnnn4C4CCNCC4)ccc3[nH]c-2n1,5.33,negative
CHEMBL6202,COc1cc(C(=O)N2CCN(C(=O)c3cc(OC)c(OC)c(OC)c3)C(COC(=O)NCCC(C)C)C2)cc(OC)c1OC,140.0,negative
CHEMBL18501,O=S1(=O)c2cccc3cccc(c23)N1CCN1CCC(CCc2c[nH]c3ccc(F)cc23)CC1,1.4,negative
CHEMBL18501,O=S1(=O)c2cccc3cccc(c23)N1CCN1CCC(CCc2c[nH]c3ccc(F)cc23)CC1,100.0,negative
CHEMBL18501,O=S1(=O)c2cccc3cccc(c23)N1CCN1CCC(CCc2c[nH]c3ccc(F)cc23)CC1,8.0,negative
CHEMBL18501,O=S1(=O)c2cccc3cccc(c23)N1CCN1CCC(CCc2c[nH]c3ccc(F)cc23)CC1,100.0,negative
CHEMBL19226,O=S1(=O)c2ccccc2-c2ccccc2N1CCN1CCC(Cc2c[nH]c3ccc(F)cc23)CC1,35.0,negative
CHEMBL19226,O=S1(=O)c2ccccc2-c2ccccc2N1CCN1CCC(Cc2c[nH]c3ccc(F)cc23)CC1,100.0,negative
CHEMBL19226,O=S1(=O)c2ccccc2-c2ccccc2N1CCN1CCC(Cc2c[nH]c3ccc(F)cc23)CC1,100.0,negative
CHEMBL19226,O=S1(=O)c2ccccc2-c2ccccc2N1CCN1CCC(Cc2c[nH]c3ccc(F)cc23)CC1,100.0,negative
CHEMBL352998,CCOC(=O)C(Cc1ccc(Cl)cc1)Nc1nc2ccc(OC)cc2s1,230.0,negative
CHEMBL354415,CCOC(=O)C(Cc1ccccc1)Nc1nc2cc(CC)ccc2s1,12.0,negative
CHEMBL265475,CC(C)c1ccc2oc(NC(Cc3cccc(Cl)c3)c3ccccn3)nc2c1,5.0,negative
CHEMBL56,CCCN(CCC)C1CCc2cccc(O)c2C1,1.1,negative
CHEMBL278572,CCC(=O)C1C(c2cccc3ccccc23)CC2CCC1N2C,5.34,negative
CHEMBL177646,O=C(O)CCNC(=O)C(Cc1ccccc1)CP(=O)(O)OCCc1ccccc1.[Cl-].[K+],1000.0,negative
CHEMBL2112023,O=C(O)CCNC(=O)[C@@H](Cc1ccc(-c2ccccc2)cc1)NCP(=O)(O)O,1800.0,negative
CHEMBL304930,Cc1cc(C)c2ncc(NC(=O)Nc3c(F)cc(F)cc3F)c(-c3ccccc3Cl)c2c1,15.0,negative
CHEMBL38747,O=C1c2ccccc2C(=O)N1CCOCCN1CCN(c2nsc3ccccc23)CC1,170.0,negative
CHEMBL38747,O=C1c2ccccc2C(=O)N1CCOCCN1CCN(c2nsc3ccccc23)CC1,54.0,negative
CHEMBL38747,O=C1c2ccccc2C(=O)N1CCOCCN1CCN(c2nsc3ccccc23)CC1,5.4,negative
CHEMBL38409,O=C1c2ccccc2C(=O)N1CCCCCCN1CCN(c2nsc3ccccc23)CC1,9.2,negative
CHEMBL38409,O=C1c2ccccc2C(=O)N1CCCCCCN1CCN(c2nsc3ccccc23)CC1,0.76,negative
CHEMBL38409,O=C1c2ccccc2C(=O)N1CCCCCCN1CCN(c2nsc3ccccc23)CC1,0.69,negative
CHEMBL20042,O=C1C2C=Nc3ccccc3C2=NN1c1ccc(Cl)cc1,0.5998,negative
CHEMBL55630,CCOC(=O)c1cc2c(cn1)sc1ccccc12,1698.24,negative
CHEMBL64616,CCCCCCNc1nc(O)c2[nH]cnc2n1,30500.0,negative
CHEMBL108102,COC(=O)N[C@H](C(=O)N[C@@H](Cc1ccccc1)C(O)CN(Cc1ccc(F)cc1)NC(=O)[C@@H](NC(=O)OC)C(C)C)C(C)C,42.0,negative
CHEMBL322033,COC(=O)N(C)C(C(=O)N[C@@H](Cc1ccccc1)[C@H](O)CN(CC1CCCCC1)NC(=O)C(C(C)C)N(C)C(=O)OC)C(C)C,1000.0,negative
CHEMBL121627,COC(=O)COc1cccn2c(Cc3ccccc3-c3ccccc3)c(C)c(C(=O)C(N)=O)c12,8.0,negative
CHEMBL121627,COC(=O)COc1cccn2c(Cc3ccccc3-c3ccccc3)c(C)c(C(=O)C(N)=O)c12,1.4,negative
CHEMBL143756,CN1CCCC1/C(O)=C(\C#N)C(=O)Nc1ccc(C(F)(F)F)cc1,100000.0,negative
CHEMBL143756,CN1CCCC1/C(O)=C(\C#N)C(=O)Nc1ccc(C(F)(F)F)cc1,100000.0,negative
CHEMBL140210,N#CCc1ccc(NC(=O)/C(C#N)=C(\O)C2CC2)cc1,37200.0,negative
CHEMBL140210,N#CCc1ccc(NC(=O)/C(C#N)=C(\O)C2CC2)cc1,4570.0,negative
CHEMBL342581,N#C/C(C(=O)Nc1ccncc1)=C(/O)C1CC1,8910.0,negative
CHEMBL342581,N#C/C(C(=O)Nc1ccncc1)=C(/O)C1CC1,11700.0,negative
CHEMBL304123,S=c1[nH]ccn1Cc1ccccc1Cl,354813.39,negative
CHEMBL77052,C[C@H]1[C@@H](OCCC2ON2C(=O)c2ccccc2O)O[C@@H]2O[C@@]3(C)CC[C@H]4[C@H](C)CC[C@@H]1[C@@]24OO3,4.25,negative
CHEMBL162006,Fc1ccc(C(OCC2CCN(Cc3ccccc3)CC2)c2ccc(F)cc2)cc1,126.0,negative
CHEMBL162006,Fc1ccc(C(OCC2CCN(Cc3ccccc3)CC2)c2ccc(F)cc2)cc1,761.0,negative
CHEMBL330844,CCc1c(C(=O)C(N)=O)c2c(OCC(=O)O)cccn2c1CC1CCCCCC1,23.0,negative
CHEMBL330844,CCc1c(C(=O)C(N)=O)c2c(OCC(=O)O)cccn2c1CC1CCCCCC1,100.0,negative
CHEMBL318730,CCc1cc(NCc2ccc3ccccc3c2)c(O)nc1C,457.09,negative
CHEMBL338077,COc1ccc(S(=O)(=O)N2CCN(C(=O)COc3ccccc3)CC2C(=O)NO)cc1,9.499,negative
CHEMBL339219,COc1ccc(S(=O)(=O)N2CCN(C(=O)N3CCCCCC3)CC2C(=O)NO)cc1,54.0,negative
CHEMBL6710,C[C@@H](N)Cc1c2c(c(Br)c3c1OCC3)OCC2.Cl,8.38,negative
CHEMBL324842,O=C(/C=C/c1ccc(O)c(O)c1)O[C@H](Cc1ccc(O)c(O)c1)C(=O)O,9000.0,negative
CHEMBL423694,CCN(CC)C(=O)c1ccc(C(=C2CCNCC2)c2cccc(OC)c2)cc1,1.56,negative
CHEMBL423694,CCN(CC)C(=O)c1ccc(C(=C2CCNCC2)c2cccc(OC)c2)cc1,5250.0,negative
CHEMBL423694,CCN(CC)C(=O)c1ccc(C(=C2CCNCC2)c2cccc(OC)c2)cc1,10000.0,negative
CHEMBL423694,CCN(CC)C(=O)c1ccc(C(=C2CCNCC2)c2cccc(OC)c2)cc1,13.7,negative
CHEMBL50117,CCN(C(=O)C1=CCC[C@H]1C(=O)NCc1ccc(C(=N)N)cc1)C1CCCCC1,890.0,negative
CHEMBL278700,O=P(O)(O)O[C@@H]1CC[C@@H](OP(=O)(O)O)[C@H](OP(=O)(O)O)C1,3900.0,negative
CHEMBL151539,CCCOc1ccc(S(=O)(=O)N2C/C(=N\OC)C[C@@H]2C(=O)NO)cc1,13.0,negative
CHEMBL151539,CCCOc1ccc(S(=O)(=O)N2C/C(=N\OC)C[C@@H]2C(=O)NO)cc1,0.4,negative
CHEMBL151539,CCCOc1ccc(S(=O)(=O)N2C/C(=N\OC)C[C@@H]2C(=O)NO)cc1,2.0,negative
CHEMBL151539,CCCOc1ccc(S(=O)(=O)N2C/C(=N\OC)C[C@@H]2C(=O)NO)cc1,381.0,negative
CHEMBL151539,CCCOc1ccc(S(=O)(=O)N2C/C(=N\OC)C[C@@H]2C(=O)NO)cc1,1.0,negative
CHEMBL308930,COc1cc(C(=O)N2CCN(C(=O)c3cc(OC)c(OC)c(OC)c3)C(COC(=O)N3CCCCC3)C2)cc(OC)c1OC,95000.0,negative
CHEMBL308930,COc1cc(C(=O)N2CCN(C(=O)c3cc(OC)c(OC)c(OC)c3)C(COC(=O)N3CCCCC3)C2)cc(OC)c1OC,80.0,negative
CHEMBL292697,O=c1cc(C(c2ccccc2)c2ccccc2)oc2cc(O)ccc12,10890.0,negative
CHEMBL289142,NC(Cc1nc2cc(Br)ccc2n1CP(=O)(O)O)C(=O)OCc1ccccc1,56.0,negative
CHEMBL289142,NC(Cc1nc2cc(Br)ccc2n1CP(=O)(O)O)C(=O)OCc1ccccc1,15500.0,negative
CHEMBL118299,CNC(=O)c1cc2c(Oc3ccc(C(C)=O)cc3)cncc2s1,21.0,negative
CHEMBL118299,CNC(=O)c1cc2c(Oc3ccc(C(C)=O)cc3)cncc2s1,40.0,negative
CHEMBL118299,CNC(=O)c1cc2c(Oc3ccc(C(C)=O)cc3)cncc2s1,1000.0,negative
CHEMBL116958,CNC(=O)c1cc2c(Oc3ccc(/C=C/C(=O)NCCN(CCO)CCO)cc3)cncc2s1,680.0,negative
CHEMBL116958,CNC(=O)c1cc2c(Oc3ccc(/C=C/C(=O)NCCN(CCO)CCO)cc3)cncc2s1,600.0,negative
CHEMBL116958,CNC(=O)c1cc2c(Oc3ccc(/C=C/C(=O)NCCN(CCO)CCO)cc3)cncc2s1,1000.0,negative
CHEMBL3215340,CNC1C(=O)NC2Cc3ccc(cc3)Oc3cc4cc(c3O[C@@H]3O[C@@H](C(=O)O)[C@@H](O)[C@H](O)[C@@H]3N)Oc3ccc(cc3Cl)C(O)C3NC(=O)C(NC(=O)C4NC(=O)C(NC2=O)c2cc(cc(O)c2Cl)Oc2cc1ccc2O)c1ccc(O)c(c1)-c1c(O[C@H]2O[C@H](CO)[C@@H](O)[C@@H](O)[C@@H]2O)cc(O)cc1[C@H](C(=O)O)NC3=O,500000.0,negative
CHEMBL3215340,CNC1C(=O)NC2Cc3ccc(cc3)Oc3cc4cc(c3O[C@@H]3O[C@@H](C(=O)O)[C@@H](O)[C@H](O)[C@@H]3N)Oc3ccc(cc3Cl)C(O)C3NC(=O)C(NC(=O)C4NC(=O)C(NC2=O)c2cc(cc(O)c2Cl)Oc2cc1ccc2O)c1ccc(O)c(c1)-c1c(O[C@H]2O[C@H](CO)[C@@H](O)[C@@H](O)[C@@H]2O)cc(O)cc1[C@H](C(=O)O)NC3=O,500000.0,negative
CHEMBL3215340,CNC1C(=O)NC2Cc3ccc(cc3)Oc3cc4cc(c3O[C@@H]3O[C@@H](C(=O)O)[C@@H](O)[C@H](O)[C@@H]3N)Oc3ccc(cc3Cl)C(O)C3NC(=O)C(NC(=O)C4NC(=O)C(NC2=O)c2cc(cc(O)c2Cl)Oc2cc1ccc2O)c1ccc(O)c(c1)-c1c(O[C@H]2O[C@H](CO)[C@@H](O)[C@@H](O)[C@@H]2O)cc(O)cc1[C@H](C(=O)O)NC3=O,500000.0,negative
CHEMBL3215340,CNC1C(=O)NC2Cc3ccc(cc3)Oc3cc4cc(c3O[C@@H]3O[C@@H](C(=O)O)[C@@H](O)[C@H](O)[C@@H]3N)Oc3ccc(cc3Cl)C(O)C3NC(=O)C(NC(=O)C4NC(=O)C(NC2=O)c2cc(cc(O)c2Cl)Oc2cc1ccc2O)c1ccc(O)c(c1)-c1c(O[C@H]2O[C@H](CO)[C@@H](O)[C@@H](O)[C@@H]2O)cc(O)cc1[C@H](C(=O)O)NC3=O,250000.0,negative
CHEMBL3215340,CNC1C(=O)NC2Cc3ccc(cc3)Oc3cc4cc(c3O[C@@H]3O[C@@H](C(=O)O)[C@@H](O)[C@H](O)[C@@H]3N)Oc3ccc(cc3Cl)C(O)C3NC(=O)C(NC(=O)C4NC(=O)C(NC2=O)c2cc(cc(O)c2Cl)Oc2cc1ccc2O)c1ccc(O)c(c1)-c1c(O[C@H]2O[C@H](CO)[C@@H](O)[C@@H](O)[C@@H]2O)cc(O)cc1[C@H](C(=O)O)NC3=O,250000.0,negative
CHEMBL3215340,CNC1C(=O)NC2Cc3ccc(cc3)Oc3cc4cc(c3O[C@@H]3O[C@@H](C(=O)O)[C@@H](O)[C@H](O)[C@@H]3N)Oc3ccc(cc3Cl)C(O)C3NC(=O)C(NC(=O)C4NC(=O)C(NC2=O)c2cc(cc(O)c2Cl)Oc2cc1ccc2O)c1ccc(O)c(c1)-c1c(O[C@H]2O[C@H](CO)[C@@H](O)[C@@H](O)[C@@H]2O)cc(O)cc1[C@H](C(=O)O)NC3=O,100000.0,negative
CHEMBL405267,NC1C(=O)NC2Cc3ccc(c(Cl)c3)Oc3cc4cc(c3O)Oc3ccc(cc3Cl)C(O)C3NC(=O)C(NC(=O)C4NC(=O)C(NC2=O)c2cc(O)cc(c2)Oc2cc1ccc2O)c1ccc(O)c(c1)-c1c(O)cc(O)cc1[C@H](C(=O)C1NCCC2CCCCC21)NC3=O,250000.0,negative
CHEMBL405267,NC1C(=O)NC2Cc3ccc(c(Cl)c3)Oc3cc4cc(c3O)Oc3ccc(cc3Cl)C(O)C3NC(=O)C(NC(=O)C4NC(=O)C(NC2=O)c2cc(O)cc(c2)Oc2cc1ccc2O)c1ccc(O)c(c1)-c1c(O)cc(O)cc1[C@H](C(=O)C1NCCC2CCCCC21)NC3=O,250000.0,negative
CHEMBL405267,NC1C(=O)NC2Cc3ccc(c(Cl)c3)Oc3cc4cc(c3O)Oc3ccc(cc3Cl)C(O)C3NC(=O)C(NC(=O)C4NC(=O)C(NC2=O)c2cc(O)cc(c2)Oc2cc1ccc2O)c1ccc(O)c(c1)-c1c(O)cc(O)cc1[C@H](C(=O)C1NCCC2CCCCC21)NC3=O,250000.0,negative
CHEMBL405267,NC1C(=O)NC2Cc3ccc(c(Cl)c3)Oc3cc4cc(c3O)Oc3ccc(cc3Cl)C(O)C3NC(=O)C(NC(=O)C4NC(=O)C(NC2=O)c2cc(O)cc(c2)Oc2cc1ccc2O)c1ccc(O)c(c1)-c1c(O)cc(O)cc1[C@H](C(=O)C1NCCC2CCCCC21)NC3=O,750.0,negative
CHEMBL405267,NC1C(=O)NC2Cc3ccc(c(Cl)c3)Oc3cc4cc(c3O)Oc3ccc(cc3Cl)C(O)C3NC(=O)C(NC(=O)C4NC(=O)C(NC2=O)c2cc(O)cc(c2)Oc2cc1ccc2O)c1ccc(O)c(c1)-c1c(O)cc(O)cc1[C@H](C(=O)C1NCCC2CCCCC21)NC3=O,4500.0,negative
CHEMBL405267,NC1C(=O)NC2Cc3ccc(c(Cl)c3)Oc3cc4cc(c3O)Oc3ccc(cc3Cl)C(O)C3NC(=O)C(NC(=O)C4NC(=O)C(NC2=O)c2cc(O)cc(c2)Oc2cc1ccc2O)c1ccc(O)c(c1)-c1c(O)cc(O)cc1[C@H](C(=O)C1NCCC2CCCCC21)NC3=O,4000.0,negative
CHEMBL46425,Cc1cccc2c(CN(C)C(=O)/C=C/c3cnc4c(c3)CCC(=O)N4)c(C)n(C)c12,20.0,negative
CHEMBL46425,Cc1cccc2c(CN(C)C(=O)/C=C/c3cnc4c(c3)CCC(=O)N4)c(C)n(C)c12,70.0,negative
CHEMBL46425,Cc1cccc2c(CN(C)C(=O)/C=C/c3cnc4c(c3)CCC(=O)N4)c(C)n(C)c12,70.0,negative
CHEMBL46425,Cc1cccc2c(CN(C)C(=O)/C=C/c3cnc4c(c3)CCC(=O)N4)c(C)n(C)c12,30000.0,negative
CHEMBL134277,CC1=CC(C)(C)Nc2ccc3c(c21)/C(=C/c1ccsc1)Oc1ccc(F)cc1-3,0.71,negative
CHEMBL134277,CC1=CC(C)(C)Nc2ccc3c(c21)/C(=C/c1ccsc1)Oc1ccc(F)cc1-3,5.5,negative
CHEMBL134277,CC1=CC(C)(C)Nc2ccc3c(c21)/C(=C/c1ccsc1)Oc1ccc(F)cc1-3,215.0,negative
CHEMBL134277,CC1=CC(C)(C)Nc2ccc3c(c21)/C(=C/c1ccsc1)Oc1ccc(F)cc1-3,100.0,negative
CHEMBL134277,CC1=CC(C)(C)Nc2ccc3c(c21)/C(=C/c1ccsc1)Oc1ccc(F)cc1-3,1900.0,negative
CHEMBL134277,CC1=CC(C)(C)Nc2ccc3c(c21)/C(=C/c1ccsc1)Oc1ccc(F)cc1-3,3488.0,negative
CHEMBL137635,CN(c1ccccc1)c1ncnc2ccc(N/N=N/Cc3ccccn3)cc12,9300.0,negative
CHEMBL137635,CN(c1ccccc1)c1ncnc2ccc(N/N=N/Cc3ccccn3)cc12,25140.0,negative
CHEMBL137635,CN(c1ccccc1)c1ncnc2ccc(N/N=N/Cc3ccccn3)cc12,64090.0,negative
CHEMBL137635,CN(c1ccccc1)c1ncnc2ccc(N/N=N/Cc3ccccn3)cc12,39420.0,negative
CHEMBL335538,Nc1ncnc2c1ncn2[C@H]1C[C@H](O)[C@@H](COP(=O)(O)OP(=O)(O)OP(=O)(O)O)O1,19000.0,negative
CHEMBL335538,Nc1ncnc2c1ncn2[C@H]1C[C@H](O)[C@@H](COP(=O)(O)OP(=O)(O)OP(=O)(O)O)O1,9000.0,negative
CHEMBL335206,Nc1ncnc2c1ncn2[C@@H]1O[C@H](COP(=O)(O)OP(=O)(O)S)[C@@H](O)[C@H]1O,96.0,negative
CHEMBL335206,Nc1ncnc2c1ncn2[C@@H]1O[C@H](COP(=O)(O)OP(=O)(O)S)[C@@H](O)[C@H]1O,30000.0,negative
CHEMBL335206,Nc1ncnc2c1ncn2[C@@H]1O[C@H](COP(=O)(O)OP(=O)(O)S)[C@@H](O)[C@H]1O,82.0,negative
CHEMBL335206,Nc1ncnc2c1ncn2[C@@H]1O[C@H](COP(=O)(O)OP(=O)(O)S)[C@@H](O)[C@H]1O,2500.0,negative
CHEMBL335206,Nc1ncnc2c1ncn2[C@@H]1O[C@H](COP(=O)(O)OP(=O)(O)S)[C@@H](O)[C@H]1O,100000.0,negative
CHEMBL335206,Nc1ncnc2c1ncn2[C@@H]1O[C@H](COP(=O)(O)OP(=O)(O)S)[C@@H](O)[C@H]1O,8800.0,negative
CHEMBL335206,Nc1ncnc2c1ncn2[C@@H]1O[C@H](COP(=O)(O)OP(=O)(O)S)[C@@H](O)[C@H]1O,25000.0,negative
CHEMBL265502,Cc1ccc(C(=O)Nc2ccc(S(=O)(=O)O)c3cc(S(=O)(=O)O)cc(S(=O)(=O)O)c23)cc1NC(=O)c1cccc(NC(=O)Nc2cccc(C(=O)Nc3cc(C(=O)Nc4ccc(S(=O)(=O)O)c5cc(S(=O)(=O)O)cc(S(=O)(=O)O)c45)ccc3C)c2)c1,10000.0,negative
CHEMBL265502,Cc1ccc(C(=O)Nc2ccc(S(=O)(=O)O)c3cc(S(=O)(=O)O)cc(S(=O)(=O)O)c23)cc1NC(=O)c1cccc(NC(=O)Nc2cccc(C(=O)Nc3cc(C(=O)Nc4ccc(S(=O)(=O)O)c5cc(S(=O)(=O)O)cc(S(=O)(=O)O)c45)ccc3C)c2)c1,48000.0,negative
CHEMBL265502,Cc1ccc(C(=O)Nc2ccc(S(=O)(=O)O)c3cc(S(=O)(=O)O)cc(S(=O)(=O)O)c23)cc1NC(=O)c1cccc(NC(=O)Nc2cccc(C(=O)Nc3cc(C(=O)Nc4ccc(S(=O)(=O)O)c5cc(S(=O)(=O)O)cc(S(=O)(=O)O)c45)ccc3C)c2)c1,100000.0,negative
CHEMBL265502,Cc1ccc(C(=O)Nc2ccc(S(=O)(=O)O)c3cc(S(=O)(=O)O)cc(S(=O)(=O)O)c23)cc1NC(=O)c1cccc(NC(=O)Nc2cccc(C(=O)Nc3cc(C(=O)Nc4ccc(S(=O)(=O)O)c5cc(S(=O)(=O)O)cc(S(=O)(=O)O)c45)ccc3C)c2)c1,16000.0,negative
CHEMBL265502,Cc1ccc(C(=O)Nc2ccc(S(=O)(=O)O)c3cc(S(=O)(=O)O)cc(S(=O)(=O)O)c23)cc1NC(=O)c1cccc(NC(=O)Nc2cccc(C(=O)Nc3cc(C(=O)Nc4ccc(S(=O)(=O)O)c5cc(S(=O)(=O)O)cc(S(=O)(=O)O)c45)ccc3C)c2)c1,4000.0,negative
CHEMBL265502,Cc1ccc(C(=O)Nc2ccc(S(=O)(=O)O)c3cc(S(=O)(=O)O)cc(S(=O)(=O)O)c23)cc1NC(=O)c1cccc(NC(=O)Nc2cccc(C(=O)Nc3cc(C(=O)Nc4ccc(S(=O)(=O)O)c5cc(S(=O)(=O)O)cc(S(=O)(=O)O)c45)ccc3C)c2)c1,1000.0,negative
CHEMBL265502,Cc1ccc(C(=O)Nc2ccc(S(=O)(=O)O)c3cc(S(=O)(=O)O)cc(S(=O)(=O)O)c23)cc1NC(=O)c1cccc(NC(=O)Nc2cccc(C(=O)Nc3cc(C(=O)Nc4ccc(S(=O)(=O)O)c5cc(S(=O)(=O)O)cc(S(=O)(=O)O)c45)ccc3C)c2)c1,10400.0,negative
CHEMBL265502,Cc1ccc(C(=O)Nc2ccc(S(=O)(=O)O)c3cc(S(=O)(=O)O)cc(S(=O)(=O)O)c23)cc1NC(=O)c1cccc(NC(=O)Nc2cccc(C(=O)Nc3cc(C(=O)Nc4ccc(S(=O)(=O)O)c5cc(S(=O)(=O)O)cc(S(=O)(=O)O)c45)ccc3C)c2)c1,3000.0,negative
CHEMBL265502,Cc1ccc(C(=O)Nc2ccc(S(=O)(=O)O)c3cc(S(=O)(=O)O)cc(S(=O)(=O)O)c23)cc1NC(=O)c1cccc(NC(=O)Nc2cccc(C(=O)Nc3cc(C(=O)Nc4ccc(S(=O)(=O)O)c5cc(S(=O)(=O)O)cc(S(=O)(=O)O)c45)ccc3C)c2)c1,14900.0,negative
CHEMBL265502,Cc1ccc(C(=O)Nc2ccc(S(=O)(=O)O)c3cc(S(=O)(=O)O)cc(S(=O)(=O)O)c23)cc1NC(=O)c1cccc(NC(=O)Nc2cccc(C(=O)Nc3cc(C(=O)Nc4ccc(S(=O)(=O)O)c5cc(S(=O)(=O)O)cc(S(=O)(=O)O)c45)ccc3C)c2)c1,100000.0,negative
CHEMBL265502,Cc1ccc(C(=O)Nc2ccc(S(=O)(=O)O)c3cc(S(=O)(=O)O)cc(S(=O)(=O)O)c23)cc1NC(=O)c1cccc(NC(=O)Nc2cccc(C(=O)Nc3cc(C(=O)Nc4ccc(S(=O)(=O)O)c5cc(S(=O)(=O)O)cc(S(=O)(=O)O)c45)ccc3C)c2)c1,4000.0,negative
CHEMBL265502,Cc1ccc(C(=O)Nc2ccc(S(=O)(=O)O)c3cc(S(=O)(=O)O)cc(S(=O)(=O)O)c23)cc1NC(=O)c1cccc(NC(=O)Nc2cccc(C(=O)Nc3cc(C(=O)Nc4ccc(S(=O)(=O)O)c5cc(S(=O)(=O)O)cc(S(=O)(=O)O)c45)ccc3C)c2)c1,100000.0,negative
CHEMBL265502,Cc1ccc(C(=O)Nc2ccc(S(=O)(=O)O)c3cc(S(=O)(=O)O)cc(S(=O)(=O)O)c23)cc1NC(=O)c1cccc(NC(=O)Nc2cccc(C(=O)Nc3cc(C(=O)Nc4ccc(S(=O)(=O)O)c5cc(S(=O)(=O)O)cc(S(=O)(=O)O)c45)ccc3C)c2)c1,92000.0,negative
CHEMBL132206,OC1(c2ccccc2F)c2ccccc2C2=NCCCN21,23.0,negative
CHEMBL130747,OC1(c2cccnc2)c2ccccc2C2=NCCN21,640.0,negative
CHEMBL143482,CS(=O)(=O)c1ccc(CSc2nc(-c3ccc(F)cc3)c(-c3ccncc3)[nH]2)cc1,2500.0,negative
CHEMBL143482,CS(=O)(=O)c1ccc(CSc2nc(-c3ccc(F)cc3)c(-c3ccncc3)[nH]2)cc1,330.0,negative
CHEMBL143482,CS(=O)(=O)c1ccc(CSc2nc(-c3ccc(F)cc3)c(-c3ccncc3)[nH]2)cc1,28800.0,negative
CHEMBL143482,CS(=O)(=O)c1ccc(CSc2nc(-c3ccc(F)cc3)c(-c3ccncc3)[nH]2)cc1,2900.0,negative
CHEMBL358814,C[S+]([O-])c1ccccc1CSc1nc(-c2ccc(F)cc2)c(-c2ccncc2)[nH]1,15000.0,negative
CHEMBL358814,C[S+]([O-])c1ccccc1CSc1nc(-c2ccc(F)cc2)c(-c2ccncc2)[nH]1,900.0,negative
CHEMBL358814,C[S+]([O-])c1ccccc1CSc1nc(-c2ccc(F)cc2)c(-c2ccncc2)[nH]1,47500.0,negative
CHEMBL358814,C[S+]([O-])c1ccccc1CSc1nc(-c2ccc(F)cc2)c(-c2ccncc2)[nH]1,4000.0,negative
CHEMBL90512,C/C(=N\N=C(\N)S)c1ccc(Cl)c(Cl)c1,50.0,negative
CHEMBL327902,C/C(=N\NC(N)=O)c1cccc(Cl)c1,10000.0,negative
CHEMBL320290,NC(Cc1ccnn1O)C(=O)O,2700.0,negative
CHEMBL320290,NC(Cc1ccnn1O)C(=O)O,100000.0,negative
CHEMBL320290,NC(Cc1ccnn1O)C(=O)O,100000.0,negative
CHEMBL320290,NC(Cc1ccnn1O)C(=O)O,280000.0,negative
CHEMBL320290,NC(Cc1ccnn1O)C(=O)O,200000.0,negative
CHEMBL320290,NC(Cc1ccnn1O)C(=O)O,1000000.0,negative
CHEMBL320290,NC(Cc1ccnn1O)C(=O)O,430000.0,negative
CHEMBL320290,NC(Cc1ccnn1O)C(=O)O,1000000.0,negative
CHEMBL106698,N=C(N)N[C@@H](C(=O)NCC(=O)N1CCC(c2cc(-c3ccccc3)[nH]n2)CC1)C1CCCCC1,120000.0,negative
CHEMBL104564,COC(=O)[C@H](Cc1ccc(C#Cc2ccccc2)cc1)NC(=O)CNC(=O)[C@@H](CCC(N)=O)N=C(N)N,900000.0,negative
CHEMBL105780,CC(C)C[C@@H](N=C(N)N)C(=O)NCC(=O)N1CCC(c2cc(-c3ccc(O)c(Cl)c3Cl)nn2C)CC1,8100.0,negative
CHEMBL46553,Nc1nc(O)c2nn(-c3cccc(C(=O)NC[C@H]4CCCC[C@@H]4O)c3)nc2n1,320.0,negative
CHEMBL1907776,O=C(O)[C@@H](NS(=O)(=O)c1ccccc1)c1ccccc1,11000.0,negative
CHEMBL306988,CC(=C(C#N)C#N)c1ccc(NC(=O)CCC(=O)O)cc1,500000.0,negative
CHEMBL66879,O=C(O)/C=C/c1ccc(O)cc1,3000000.0,negative
CHEMBL77085,N#CC(C#N)=Cc1cc(O)ccc1[N+](=O)[O-],96000.0,negative
CHEMBL544127,CC(C)CN(C)Cc1cc(C(=O)c2csc(S(N)(=O)=O)c2)ccc1O.Cl,9.0,negative
CHEMBL36880,CN(c1ccccc1C(=O)O)S(=O)(=O)c1ccc2ccccc2c1,400000.0,negative
CHEMBL315191,CC[C@H]1C(=O)SC[C@@H]1Cc1cncn1C,320.0,negative
CHEMBL315191,CC[C@H]1C(=O)SC[C@@H]1Cc1cncn1C,775.0,negative
CHEMBL92429,CC[C@@H]1COC[C@@H]1Cc1cncn1C,445.0,negative
CHEMBL92429,CC[C@@H]1COC[C@@H]1Cc1cncn1C,1800.0,negative
CHEMBL47918,CCCC[C@H](O[C@@H](Cc1ccccc1)C(=O)N1CCC(OCOC)CC1)C(=O)N[C@@H](CC1CCCCC1)[C@@H](O)C[C@H](C(=O)N(C)CCN(C)C)C(C)C,30.0,negative
CHEMBL47918,CCCC[C@H](O[C@@H](Cc1ccccc1)C(=O)N1CCC(OCOC)CC1)C(=O)N[C@@H](CC1CCCCC1)[C@@H](O)C[C@H](C(=O)N(C)CCN(C)C)C(C)C,290.0,negative
CHEMBL50217,CCCC[C@H](O[C@@H](Cc1ccccc1)C(=O)N1CCC(OCOC)CC1)C(=O)N[C@@H](CC1CCCCC1)[C@@H](O)C[C@H](NC(=O)OCc1ccccc1)C(C)C,2.2,negative
CHEMBL50217,CCCC[C@H](O[C@@H](Cc1ccccc1)C(=O)N1CCC(OCOC)CC1)C(=O)N[C@@H](CC1CCCCC1)[C@@H](O)C[C@H](NC(=O)OCc1ccccc1)C(C)C,83.0,negative
CHEMBL148416,C=CCC1(CN2CCCC2)CCCCN1C(=O)Cc1ccc(Cl)c(Cl)c1,10000.0,negative
CHEMBL99102,CCC[C@@H](NC(=O)N1C(=O)C[C@@H]1Cc1ccccc1)c1ccccc1,3400.0,negative
CHEMBL97927,O=C1C[C@H](Cc2ccccc2)N1C(=O)NCc1ccncc1,12000.0,negative
CHEMBL97927,O=C1C[C@H](Cc2ccccc2)N1C(=O)NCc1ccncc1,75000.0,negative
CHEMBL97927,O=C1C[C@H](Cc2ccccc2)N1C(=O)NCc1ccncc1,75000.0,negative
CHEMBL97927,O=C1C[C@H](Cc2ccccc2)N1C(=O)NCc1ccncc1,75000.0,negative
CHEMBL318278,COc1ccc(CN(C)C(=O)N2C(=O)C[C@@H]2Cc2ccccc2)cc1,7400.0,negative
CHEMBL321153,CN1CC[C@]23c4c5ccc(O)c4O[C@H]2[C@@H](O)[C@@H](c2ccccc2)CC3[C@H]1C5,178.0,negative
CHEMBL542710,CCCCCC1N=C(N)CC1C.Cl,360.0,negative
CHEMBL542710,CCCCCC1N=C(N)CC1C.Cl,243000.0,negative
CHEMBL542710,CCCCCC1N=C(N)CC1C.Cl,5370.0,negative
CHEMBL552936,CC1CC(N)=NC1Cc1ccccc1.Cl,3000.0,negative
CHEMBL552936,CC1CC(N)=NC1Cc1ccccc1.Cl,458000.0,negative
CHEMBL552936,CC1CC(N)=NC1Cc1ccccc1.Cl,8290.0,negative
CHEMBL169991,COC(=O)C1C(Cc2ccccc2)CC2CCC1N2C,885.0,negative
CHEMBL169991,COC(=O)C1C(Cc2ccccc2)CC2CCC1N2C,1020.0,negative
CHEMBL10395,O=c1oc(Nc2nncs2)nc2ccccc12,62500.0,negative
CHEMBL10380,O=c1oc(Nc2ccccc2I)nc2cc(C3CCCCC3)ccc12,62500.0,negative
CHEMBL316738,CCCCCCCCCCCCNC(=O)C(N)CN,2511.89,negative
CHEMBL332022,Nc1nc(N)c2nc(CNc3ccc(C(=O)N[C@@H](CC(F)C(=O)O)C(=O)O)cc3Cl)cnc2n1,100000.0,negative
CHEMBL145169,COc1cc(/C=C/c2cnc3nc(N)nc(N)c3c2)cc(OC)c1OC,5000.0,negative
CHEMBL145169,COc1cc(/C=C/c2cnc3nc(N)nc(N)c3c2)cc(OC)c1OC,1400.0,negative
CHEMBL145169,COc1cc(/C=C/c2cnc3nc(N)nc(N)c3c2)cc(OC)c1OC,12900.0,negative
CHEMBL2111280,Nc1ncnc2c1cnn2[C@@H]1C=C[C@@H](O)[C@H]1O,100000.0,negative
CHEMBL2111280,Nc1ncnc2c1cnn2[C@@H]1C=C[C@@H](O)[C@H]1O,100000.0,negative
CHEMBL2111280,Nc1ncnc2c1cnn2[C@@H]1C=C[C@@H](O)[C@H]1O,100000.0,negative
CHEMBL2111280,Nc1ncnc2c1cnn2[C@@H]1C=C[C@@H](O)[C@H]1O,100000.0,negative
CHEMBL352332,COC(=O)CCc1c(-c2ccccc2)c(O)nc2cc(Cl)ccc12,500.0,negative
CHEMBL306457,NC(=O)C(C[C@H](O)[C@H](Cc1ccccc1)NC(=O)c1cnc2ccccc2n1)C1(O)CCCCC1,540.0,negative
CHEMBL306457,NC(=O)C(C[C@H](O)[C@H](Cc1ccccc1)NC(=O)c1cnc2ccccc2n1)C1(O)CCCCC1,120.0,negative
CHEMBL419526,c1ccc(-c2cnc(Nc3ccccn3)o2)cc1,1880.0,negative
CHEMBL112160,COCCNc1ccc(N2C(=O)c3ccc(C(=O)O)cc3C2=O)cc1-c1nc2cc(-c3ccccc3)ccc2o1,2000.0,negative
CHEMBL112160,COCCNc1ccc(N2C(=O)c3ccc(C(=O)O)cc3C2=O)cc1-c1nc2cc(-c3ccccc3)ccc2o1,20000.0,negative
CHEMBL150984,Cc1nc2cc(OC[C@H](O)CN3CCN(CC(=O)Nc4cccc5[nH]ccc45)CC3)ccc2s1,860.0,negative
CHEMBL991,Cc1cn([C@H]2C=C[C@@H](CO)O2)c(=O)[nH]c1=O,90.0,negative
CHEMBL307884,N.N.N.N.NC(=O)[C@H](Cc1ccc(C(F)(F)P(=O)(O)O)cc1)NC(=O)[C@H](Cc1ccc(C(F)(F)P(=O)(O)O)cc1)NCc1cc(Br)cc(C2(C(F)(F)F)N=N2)c1,1700.0,negative
CHEMBL115665,O=C1C(Nc2ccc(Br)cc2)=C(Cl)C(=O)c2ncncc21,4310.0,negative
CHEMBL115665,O=C1C(Nc2ccc(Br)cc2)=C(Cl)C(=O)c2ncncc21,3020.0,negative
CHEMBL115665,O=C1C(Nc2ccc(Br)cc2)=C(Cl)C(=O)c2ncncc21,690.0,negative
CHEMBL115665,O=C1C(Nc2ccc(Br)cc2)=C(Cl)C(=O)c2ncncc21,15100.0,negative
CHEMBL163354,O=c1c2ccccc2nc2ccc(-c3nn[nH]n3)cn12,280000.0,negative
CHEMBL353565,O=C(O)c1cccn2c(=O)c3ccccc3nc12,800000.0,negative
CHEMBL56418,COc1ccc2c(=O)n3cc(C(=O)NCCCCc4cccnc4)ccc3nc2c1,10000.0,negative
CHEMBL56418,COc1ccc2c(=O)n3cc(C(=O)NCCCCc4cccnc4)ccc3nc2c1,20.0,negative
CHEMBL542071,Cl.Cn1nc2c3c(c(NCCNCCO)ccc31)C(=O)c1c(O)ccc(O)c1-2,150.0,negative
CHEMBL553589,COCCn1nc2c3c(c(NCCNCCO)ccc31)C(=O)c1c(O)ccc(O)c1-2.Cl,1600.0,negative
CHEMBL283884,COc1cc2c(C)nc(O)c(C(C)C)c2cc1OC,7000.0,negative
CHEMBL165802,CS(=O)(=O)Nc1cc2c3ccccc3nc-2c[nH]1,62000.0,negative
CHEMBL282024,CCN1CCC[C@H]1CNC(=O)c1c(OC)cccc1OC,15300.0,negative
CHEMBL29243,CCc1c(O)nc(C)c2cc(OC)c(OC)cc12,2000.0,negative
CHEMBL443759,O=C(CN(Cc1ccccc1)C(=O)CN(CCCc1ccccc1)C(=O)Nc1ccc(Oc2ccccc2)cc1)NO,300.0,negative
CHEMBL95560,CCCCN(CC(=O)NO)C(=O)CN(CCc1ccc(F)cc1)C(=O)Nc1ccc(Oc2ccccc2)cc1,51000.0,negative
CHEMBL321088,CCCCCCCN(CC(=O)NO)C(=O)CN(CCCc1ccccc1)C(=O)Nc1ccc(Oc2ccccc2)cc1,150000.0,negative
CHEMBL320116,OCC1NC(CO)[C@H](O)[C@@H](O)[C@@H]1O,50000.0,negative
CHEMBL320116,OCC1NC(CO)[C@H](O)[C@@H](O)[C@@H]1O,22.0,negative
CHEMBL320116,OCC1NC(CO)[C@H](O)[C@@H](O)[C@@H]1O,4500.0,negative
CHEMBL292943,COc1ccc(-c2cccc(CN3CCN(c4ncccn4)CC3)c2)cc1,50.0,negative
CHEMBL292943,COc1ccc(-c2cccc(CN3CCN(c4ncccn4)CC3)c2)cc1,72.0,negative
CHEMBL292943,COc1ccc(-c2cccc(CN3CCN(c4ncccn4)CC3)c2)cc1,57.0,negative
CHEMBL292943,COc1ccc(-c2cccc(CN3CCN(c4ncccn4)CC3)c2)cc1,2000.0,negative
CHEMBL92017,O=C1C[C@H](NC(=O)[C@@H]2CS[C@H]3CC[C@H](NC(=O)OCc4ccccc4)C(=O)N32)C(O)O1,4800.0,negative
CHEMBL92017,O=C1C[C@H](NC(=O)[C@@H]2CS[C@H]3CC[C@H](NC(=O)OCc4ccccc4)C(=O)N32)C(O)O1,86000.0,negative
CHEMBL67010,C/C(=N\C1CCCCC1)NC12CC3CC(CC(C3)C1)C2,72.0,negative
CHEMBL67010,C/C(=N\C1CCCCC1)NC12CC3CC(CC(C3)C1)C2,10000.0,negative
CHEMBL341365,Cc1cccc2c1C1(C34C[C@H]5C(=O)N[C@@H](Cc6ccccc6)C(=O)N5[C@H]3Nc3ccccc34)C[C@H]3C(=O)N[C@@H](Cc4ccccc4)C(=O)N3[C@H]1N2,440.0,negative
CHEMBL124979,Cc1cccc2c1C1(C34C[C@H]5C(=O)N[C@@H](Cc6ccccc6)C(=O)N5[C@H]3Nc3cccc(C)c34)C[C@H]3C(=O)N[C@@H](Cc4ccccc4)C(=O)N3[C@H]1N2,5700.0,negative
CHEMBL160554,COc1cccc(C#C/C(C)=C\CO/N=C2/CN3CCC2C3)c1,1514.0,negative
CHEMBL160554,COc1cccc(C#C/C(C)=C\CO/N=C2/CN3CCC2C3)c1,15.31,negative
CHEMBL160939,C/C(C#Cc1ccc(F)cc1)=C/CO/N=C1/CN2CCC1C2,219.0,negative
CHEMBL160939,C/C(C#Cc1ccc(F)cc1)=C/CO/N=C1/CN2CCC1C2,1.61,negative
CHEMBL813,CCCCc1ncc(/C=C(\Cc2cccs2)C(=O)O)n1Cc1ccc(C(=O)O)cc1,1.0,negative
CHEMBL813,CCCCc1ncc(/C=C(\Cc2cccs2)C(=O)O)n1Cc1ccc(C(=O)O)cc1,7.3,negative
CHEMBL813,CCCCc1ncc(/C=C(\Cc2cccs2)C(=O)O)n1Cc1ccc(C(=O)O)cc1,2.0,negative
CHEMBL151589,c1ccc2c(c1)C[C@H]1CN[C@@]23CCCC[C@@H]13,86.0,negative
CHEMBL289651,O=C([C@@H]1CCCN1C(=O)CCCc1ccccc1)N1CCCC1,30.0,negative
CHEMBL20143,CC(C)[C@H](NC(=O)OCc1ccccc1)C(=O)NC(Cc1ccc(OCc2ccccc2)cc1)C(=O)C(F)(F)C(=O)N[C@@H](C(=O)O)C(C)C,4.0,negative
CHEMBL82024,COc1cc(Cc2ccc3c(c2)OCO3)cc(OC)c1OC,67000.0,negative
CHEMBL75310,Cc1ccc(CN2CCN(C[C@@H](O)[C@H](Cc3ccccc3)NC(=O)O[C@@H]3CCS(=O)(=O)[C@@H]3C(C)C)[C@H](C(=O)NC(C)(C)C)C2)cn1,2.0,negative
CHEMBL321818,Cc1ccccc1N1CCN(C(=O)COc2ccc3[nH]cc(CCN)c3c2)CC1.O=C(O)/C=C/C(=O)O,2.1,negative
CHEMBL341568,Cc1ccccc1/C=C/C(=O)N[C@@H](C)c1nc2scc(C)c2c(=O)o1,1500.0,negative
CHEMBL341568,Cc1ccccc1/C=C/C(=O)N[C@@H](C)c1nc2scc(C)c2c(=O)o1,36.0,negative
CHEMBL341568,Cc1ccccc1/C=C/C(=O)N[C@@H](C)c1nc2scc(C)c2c(=O)o1,20000.0,negative
CHEMBL104450,O=c1cc(-c2cccc(-c3ccc(O)cc3)c2)sc(N2CCOCC2)c1,350.0,negative
CHEMBL130231,CCC(C)(C)c1cc(/C(C)=C(F)\C=C\C(C)=C\C(=O)O)c(OCC(F)F)c(C(C)(C)CC)c1,13.7,negative
CHEMBL130231,CCC(C)(C)c1cc(/C(C)=C(F)\C=C\C(C)=C\C(=O)O)c(OCC(F)F)c(C(C)(C)CC)c1,51.0,negative
CHEMBL130231,CCC(C)(C)c1cc(/C(C)=C(F)\C=C\C(C)=C\C(=O)O)c(OCC(F)F)c(C(C)(C)CC)c1,2.7,negative
CHEMBL273701,CC[C@H](NC(=O)[C@H](CC1CCCCC1)NC(=O)[C@@H](NC(=O)[C@H](CC(C)C)NC(=O)c1cnccn1)[C@@H](C)CC)C(=O)C(=O)N1CCCC1,42000.0,negative
CHEMBL276488,CC[C@H](NC(=O)[C@H](CC1CCCCC1)NC(=O)[C@@H](NC(=O)[C@H](CC(C)C)NC(=O)c1cnccn1)[C@@H](C)CC)C(=O)C(=O)NCC(N)=O,4300.0,negative
CHEMBL283778,O=C1NC(=O)c2c1c1c3cccnc3ccc1c1[nH]c3ccccc3c21,200.0,negative
CHEMBL283778,O=C1NC(=O)c2c1c1c3cccnc3ccc1c1[nH]c3ccccc3c21,430.0,negative
CHEMBL283778,O=C1NC(=O)c2c1c1c3cccnc3ccc1c1[nH]c3ccccc3c21,1910.0,negative
CHEMBL24892,CCCCC(=O)N[C@@H]1CC(=O)NCCCC[C@@H](C(N)=O)NC(=O)[C@H](Cc2c[nH]c3ccccc23)NC(=O)[C@@H](CCCN=C(N)N)NC(=O)[C@H](Cc2ccccc2)NC(=O)[C@@H](Cc2c[nH]cn2)NC1=O,0.9,negative
CHEMBL24892,CCCCC(=O)N[C@@H]1CC(=O)NCCCC[C@@H](C(N)=O)NC(=O)[C@H](Cc2c[nH]c3ccccc23)NC(=O)[C@@H](CCCN=C(N)N)NC(=O)[C@H](Cc2ccccc2)NC(=O)[C@@H](Cc2c[nH]cn2)NC1=O,0.4,negative
CHEMBL24892,CCCCC(=O)N[C@@H]1CC(=O)NCCCC[C@@H](C(N)=O)NC(=O)[C@H](Cc2c[nH]c3ccccc23)NC(=O)[C@@H](CCCN=C(N)N)NC(=O)[C@H](Cc2ccccc2)NC(=O)[C@@H](Cc2c[nH]cn2)NC1=O,6.0,negative
CHEMBL24892,CCCCC(=O)N[C@@H]1CC(=O)NCCCC[C@@H](C(N)=O)NC(=O)[C@H](Cc2c[nH]c3ccccc23)NC(=O)[C@@H](CCCN=C(N)N)NC(=O)[C@H](Cc2ccccc2)NC(=O)[C@@H](Cc2c[nH]cn2)NC1=O,33.0,negative
CHEMBL39572,SCCNCc1cc(-c2cccc3ccccc23)cc(CNCCS)n1,1900.0,negative
CHEMBL297089,CCOC(=O)/C=C/[C@H](CCC(N)=O)NC(=O)[C@H](Cc1ccccc1)n1cccc(NC(=O)OCc2ccccc2)c1=O,33.0,negative
CHEMBL443268,Cc1cc(C(=O)NCCN2CCOCC2)[nH]c1/C=C1\C(=O)N(C)c2ncnc(Nc3ccc(F)c(Cl)c3)c21,5310.0,negative
CHEMBL443268,Cc1cc(C(=O)NCCN2CCOCC2)[nH]c1/C=C1\C(=O)N(C)c2ncnc(Nc3ccc(F)c(Cl)c3)c21,20000.0,negative
CHEMBL443268,Cc1cc(C(=O)NCCN2CCOCC2)[nH]c1/C=C1\C(=O)N(C)c2ncnc(Nc3ccc(F)c(Cl)c3)c21,10100.0,negative
CHEMBL51663,NS(=O)(=O)c1ccc(Cl)c([N+](=O)[O-])c1,40000.0,negative
CHEMBL22599,N=C(N)c1ccc(C2=NOC(CC(=O)NCCC(=O)O)C2)cc1,240.0,negative
CHEMBL70685,CCCCCNC(=N)c1ccc(C2=NOC(CC(=O)NCCC(=O)O)C2)cc1,300.0,negative
CHEMBL174286,CC(C)c1cc(CN(C)Cc2ccccc2)cc(C(C)C)c1O,10000.0,negative
CHEMBL354284,CC(C)c1cc(CN2CCOCC2)cc(C(C)C)c1N(C)C,30000.0,negative
CHEMBL108952,CC(O)[C@H](NC(=O)[C@H](Cc1ccc([N+](=O)[O-])cc1)NC(=O)CCCN=C(N)N)C(=O)N[C@H](CO)c1ccccc1,19.0,negative
CHEMBL301254,COC(=O)c1ccc(C2=CC(=O)C(=O)c3ccccc32)cc1,1540.0,negative
CHEMBL301254,COC(=O)c1ccc(C2=CC(=O)C(=O)c3ccccc32)cc1,1650.0,negative
CHEMBL301254,COC(=O)c1ccc(C2=CC(=O)C(=O)c3ccccc32)cc1,7090.0,negative
CHEMBL301254,COC(=O)c1ccc(C2=CC(=O)C(=O)c3ccccc32)cc1,11970.0,negative
CHEMBL301254,COC(=O)c1ccc(C2=CC(=O)C(=O)c3ccccc32)cc1,2130.0,negative
CHEMBL58435,CC(C)C1=CC(=O)C(=O)c2ccccc21,10130.0,negative
CHEMBL89359,CCc1cc2c3[nH]c4cc(OCc5ccccc5)ccc4c3cc[n+]2nc1CC.[Br-],1900.0,negative
CHEMBL422952,CCOC(=O)Cn1c2cc(OC)ccc2c2cc[n+]3nc(CC)c(CC)cc3c21,1100.0,negative
CHEMBL286998,COc1ccc([C@H](Cc2ccncc2)c2ccsc2)cc1OC1CCCC1,3.0,negative
CHEMBL286998,COc1ccc([C@H](Cc2ccncc2)c2ccsc2)cc1OC1CCCC1,11800.0,negative
CHEMBL46589,COc1ccc(C(=O)n2nc(-c3ccncc3)c(-c3ccc(F)cc3)n2)cc1,3303.0,negative
CHEMBL47048,CN(C(=O)n1nc(-c2ccncc2)c(-c2ccc(F)cc2)n1)c1ccccc1,1924.0,negative
CHEMBL153092,Cc1nc(C)c2c(n1)N(Cc1ccc(-c3ccccc3-c3nn[nH]n3)cc1)CCC2,170.0,negative
CHEMBL191,CCCCc1nc(Cl)c(CO)n1Cc1ccc(-c2ccccc2-c2nnn[nH]2)cc1,34.7,negative
CHEMBL423257,CNCCN1C(=O)c2cccc3cc4ccccc4c(c23)C1=O,59.0,negative
CHEMBL423257,CNCCN1C(=O)c2cccc3cc4ccccc4c(c23)C1=O,44.0,negative
CHEMBL423257,CNCCN1C(=O)c2cccc3cc4ccccc4c(c23)C1=O,10.0,negative
CHEMBL423257,CNCCN1C(=O)c2cccc3cc4ccccc4c(c23)C1=O,20.6,negative
CHEMBL423257,CNCCN1C(=O)c2cccc3cc4ccccc4c(c23)C1=O,7060.0,negative
CHEMBL166129,O=C1c2cccc3cc4ccccc4c(c23)C(=O)N1CCN1CCNCC1,463.0,negative
CHEMBL166129,O=C1c2cccc3cc4ccccc4c(c23)C(=O)N1CCN1CCNCC1,1968.0,negative
CHEMBL166129,O=C1c2cccc3cc4ccccc4c(c23)C(=O)N1CCN1CCNCC1,174.0,negative
CHEMBL166129,O=C1c2cccc3cc4ccccc4c(c23)C(=O)N1CCN1CCNCC1,463.0,negative
CHEMBL166129,O=C1c2cccc3cc4ccccc4c(c23)C(=O)N1CCN1CCNCC1,6713.0,negative
CHEMBL418190,CCC(=O)C1C(c2ccc3ccccc3c2)CC2CCC1N2C,0.115,negative
CHEMBL23142,CCC(=O)C1C(c2ccc(C)cc2)CC2CCC1N2C,8.2,negative
CHEMBL1203030,Cl.O=S(=O)(CCCCOc1ccc2[nH]c3nc(O)nc-3cc2c1)C1CCN(Cc2ccc(F)cc2)CC1,0.067,negative
CHEMBL1203087,CC(C)CN1CCC(S(=O)(=O)CCCOc2ccc3[nH]c4nc(O)nc-4cc3c2)CC1.Cl,0.027,negative
CHEMBL332848,COc1cc(C(=O)N2CCN(C(=O)c3cc(OC)c(OC)c(OC)c3)C(COC(=O)NC(C)C(C)(C)C)C2)cc(OC)c1OC,170.0,negative
CHEMBL269131,CCCN(CCC)C(=O)OCC1CN(C(=O)c2cc(OC)c(OC)c(OC)c2)CCN1C(=O)c1cc(OC)c(OC)c(OC)c1,380.0,negative
CHEMBL269131,CCCN(CCC)C(=O)OCC1CN(C(=O)c2cc(OC)c(OC)c(OC)c2)CCN1C(=O)c1cc(OC)c(OC)c(OC)c1,680.0,negative
CHEMBL6319,CCCCN(CCCC)C(=O)OCC1CN(C(=O)c2cc(OC)c(OC)c(OC)c2)CCN1C(=O)c1cc(OC)c(OC)c(OC)c1,1250.0,negative
CHEMBL6244,COc1cc(C(=O)N2CCN(C(=O)c3cc(OC)c(OC)c(OC)c3)CC2)cc(OC)c1OC,1780.0,negative
CHEMBL6203,COc1cc(C(=O)N2CCN(C(=O)c3cc(OC)c(OC)c(OC)c3)C(COC(=O)c3ccccc3Cl)C2)cc(OC)c1OC,880.0,negative
CHEMBL6203,COc1cc(C(=O)N2CCN(C(=O)c3cc(OC)c(OC)c(OC)c3)C(COC(=O)c3ccccc3Cl)C2)cc(OC)c1OC,610.0,negative
CHEMBL19203,O=S1(=O)c2cccc3cccc(c23)N1CCCCN1CC=C(c2c[nH]c3ccccc23)CC1,0.8,negative
CHEMBL19203,O=S1(=O)c2cccc3cccc(c23)N1CCCCN1CC=C(c2c[nH]c3ccccc23)CC1,4.0,negative
CHEMBL19203,O=S1(=O)c2cccc3cccc(c23)N1CCCCN1CC=C(c2c[nH]c3ccccc23)CC1,0.7,negative
CHEMBL19203,O=S1(=O)c2cccc3cccc(c23)N1CCCCN1CC=C(c2c[nH]c3ccccc23)CC1,30.0,negative
CHEMBL173924,c1ccc(C(CC2CCCCC2)Nc2nc3ccccc3o2)cc1,340.0,negative
CHEMBL354620,CC(C)c1ccc2oc(NC(Cc3ccc(Cl)cc3)c3ccccn3)nc2c1,29.0,negative
CHEMBL281413,CCC(=O)C1C(CC)CC2CCC1N2C,50000.0,negative
CHEMBL148564,O=C(O)CCNC(=O)C(Cc1ccc(-c2ccccc2)cc1)NCP(=O)(O)OCc1ccccc1,1000.0,negative
CHEMBL69488,CCCCc1cc2c3ccccc3nc-2c[nH]1,244.91,negative
CHEMBL69282,Cn1c2ccccc2c2c1cnc1c3ccccc3n(C)c12,1918.67,negative
CHEMBL332073,COC(=O)COc1cccn2c(Cc3ccccc3-c3ccccc3)c(C(C)C)c(C(=O)C(N)=O)c12,35.0,negative
CHEMBL143438,N#C/C(C(=O)Nc1ccc(C(F)(F)F)cc1)=C(/O)C1CCCC1,28200.0,negative
CHEMBL143438,N#C/C(C(=O)Nc1ccc(C(F)(F)F)cc1)=C(/O)C1CCCC1,31600.0,negative
CHEMBL139937,Cc1cc(NC(=O)/C(C#N)=C(\O)C2CC2)ccc1C(F)(F)C(F)(F)F,282.0,negative
CHEMBL139937,Cc1cc(NC(=O)/C(C#N)=C(\O)C2CC2)ccc1C(F)(F)C(F)(F)F,11.0,negative
CHEMBL351215,c1ccc(CCN2CCC(CCOC(c3ccccc3)c3ccccc3)CC2)cc1,10.6,negative
CHEMBL351215,c1ccc(CCN2CCC(CCOC(c3ccccc3)c3ccccc3)CC2)cc1,102.0,negative
CHEMBL52433,CCN(Cc1cnc2nc(N)nc(N)c2c1C)c1cc(OC)c(OC)c(OC)c1,49.7,negative
CHEMBL52433,CCN(Cc1cnc2nc(N)nc(N)c2c1C)c1cc(OC)c(OC)c(OC)c1,10.5,negative
CHEMBL52433,CCN(Cc1cnc2nc(N)nc(N)c2c1C)c1cc(OC)c(OC)c(OC)c1,2.7,negative
CHEMBL294549,COc1ccccc1Cn1cc[nH]c1=S,74131.02,negative
CHEMBL433288,S=c1[nH]ccn1Cc1ccc(Cl)cc1Cl,16982.44,negative
CHEMBL67369,Oc1ccc(Cn2cc[nH]c2=S)cc1O,2187.76,negative
CHEMBL433493,Oc1c(F)cc(Cn2cc[nH]c2=S)cc1F,74.13,negative
CHEMBL303928,O=c1[nH]c2c(c(=O)[nH]1)CNc1ccccc1S2,100000.0,negative
CHEMBL134036,C[C@H](N)C(=O)N[C@@H](Cc1ccc(F)cc1)C(=O)N[C@@H](CCCN=C(N)N)C(=O)N[C@@H](CC1CCCCC1)C(=O)N[C@@H](CCCCN=C(N)N)C(=O)NC(Cc1ccc(O)c(I)c1)C(N)=O,30.0,negative
CHEMBL31608,CCOC(=O)c1ccc(OCC(O)CNC(C)C)cc1,1400.0,negative
CHEMBL166072,COc1ccc(C(OCCC2CCN(CCCc3ccccc3)CC2)c2ccc(OC)cc2)cc1,255.0,negative
CHEMBL166072,COc1ccc(C(OCCC2CCN(CCCc3ccccc3)CC2)c2ccc(OC)cc2)cc1,340.0,negative
CHEMBL333869,CCCCCc1c(CC)c(C(=O)C(N)=O)c2c(OCC(=O)O)cccn12,62.0,negative
CHEMBL332134,COc1ccc(S(=O)(=O)N2CCN(C(=O)OCc3ccccc3)CC2C(=O)NO)cc1,18.0,negative
CHEMBL338007,COc1ccc(S(=O)(=O)N2CCN(C(=O)OCc3cccnc3)CC2C(=O)NO)cc1,8.892,negative
CHEMBL125598,COc1ccc(S(=O)(=O)N2CCN(C(=O)c3ccc(-c4ccccc4)cc3)CC2C(=O)NO)cc1,23.0,negative
CHEMBL127093,COc1ccc(S(=O)(=O)N2CCN(C(=O)NCc3ccccc3)CC2C(=O)NO)cc1,16.98,negative
CHEMBL554342,C=C(Br)C(=O)Nc1ccc2oc(C(=O)Nc3cc(C(=O)Nc4cc(C(=O)Nc5cc(C(=O)NCCC(=N)N)n(C)c5)n(C)c4)n(C)c3)cc2c1.Cl,6.1,negative
CHEMBL554342,C=C(Br)C(=O)Nc1ccc2oc(C(=O)Nc3cc(C(=O)Nc4cc(C(=O)Nc5cc(C(=O)NCCC(=N)N)n(C)c5)n(C)c4)n(C)c3)cc2c1.Cl,0.42,negative
CHEMBL554342,C=C(Br)C(=O)Nc1ccc2oc(C(=O)Nc3cc(C(=O)Nc4cc(C(=O)Nc5cc(C(=O)NCCC(=N)N)n(C)c5)n(C)c4)n(C)c3)cc2c1.Cl,1.2,negative
CHEMBL278078,CCN(CC)C(=O)c1ccc(C(=C2CCNCC2)c2ccccc2OC)cc1,0.97,negative
CHEMBL278078,CCN(CC)C(=O)c1ccc(C(=C2CCNCC2)c2ccccc2OC)cc1,3480.0,negative
CHEMBL278078,CCN(CC)C(=O)c1ccc(C(=C2CCNCC2)c2ccccc2OC)cc1,10000.0,negative
CHEMBL278078,CCN(CC)C(=O)c1ccc(C(=C2CCNCC2)c2ccccc2OC)cc1,5.9,negative
CHEMBL343701,c1ccc(-c2[nH]c(-c3ccccc3)c3c2C2CCC3CC2)cc1,1.6,negative
CHEMBL343701,c1ccc(-c2[nH]c(-c3ccccc3)c3c2C2CCC3CC2)cc1,250.0,negative
CHEMBL151,O=c1cc(-c2ccc(O)c(O)c2)oc2cc(O)cc(O)c12,9570.0,negative
CHEMBL151718,COc1ccc(S(=O)(=O)N2C/C(=N\OC(C)(C)C)C[C@@H]2C(=O)NO)cc1,20.0,negative
CHEMBL151718,COc1ccc(S(=O)(=O)N2C/C(=N\OC(C)(C)C)C[C@@H]2C(=O)NO)cc1,0.7,negative
CHEMBL151718,COc1ccc(S(=O)(=O)N2C/C(=N\OC(C)(C)C)C[C@@H]2C(=O)NO)cc1,9.0,negative
CHEMBL151718,COc1ccc(S(=O)(=O)N2C/C(=N\OC(C)(C)C)C[C@@H]2C(=O)NO)cc1,263.0,negative
CHEMBL151718,COc1ccc(S(=O)(=O)N2C/C(=N\OC(C)(C)C)C[C@@H]2C(=O)NO)cc1,0.5,negative
CHEMBL357728,CC(C)(C)O/N=C1/C[C@H](C(=O)NO)N(S(=O)(=O)c2ccc(Oc3ccncc3)cc2)C1,26.0,negative
CHEMBL357728,CC(C)(C)O/N=C1/C[C@H](C(=O)NO)N(S(=O)(=O)c2ccc(Oc3ccncc3)cc2)C1,0.4,negative
CHEMBL357728,CC(C)(C)O/N=C1/C[C@H](C(=O)NO)N(S(=O)(=O)c2ccc(Oc3ccncc3)cc2)C1,5.0,negative
CHEMBL357728,CC(C)(C)O/N=C1/C[C@H](C(=O)NO)N(S(=O)(=O)c2ccc(Oc3ccncc3)cc2)C1,785.0,negative
CHEMBL357728,CC(C)(C)O/N=C1/C[C@H](C(=O)NO)N(S(=O)(=O)c2ccc(Oc3ccncc3)cc2)C1,0.4,negative
CHEMBL348210,COc1ccc(S(=O)(=O)N2CC(NOC(C)(C)C)C[C@@H]2C(=O)NO)cc1,255.0,negative
CHEMBL348210,COc1ccc(S(=O)(=O)N2CC(NOC(C)(C)C)C[C@@H]2C(=O)NO)cc1,4.0,negative
CHEMBL348210,COc1ccc(S(=O)(=O)N2CC(NOC(C)(C)C)C[C@@H]2C(=O)NO)cc1,20.0,negative
CHEMBL348210,COc1ccc(S(=O)(=O)N2CC(NOC(C)(C)C)C[C@@H]2C(=O)NO)cc1,5235.0,negative
CHEMBL348210,COc1ccc(S(=O)(=O)N2CC(NOC(C)(C)C)C[C@@H]2C(=O)NO)cc1,3.0,negative
CHEMBL306891,COc1cc(C(=O)N2CCN(C(=O)c3cc(OC)c(OC)c(OC)c3)C(CNC(=O)C(C)(C)C)C2)cc(OC)c1OC,100000.0,negative
CHEMBL306891,COc1cc(C(=O)N2CCN(C(=O)c3cc(OC)c(OC)c(OC)c3)C(CNC(=O)C(C)(C)C)C2)cc(OC)c1OC,100000.0,negative
CHEMBL58827,O=c1ccoc2cc(O)ccc12,137000.0,negative
CHEMBL58827,O=c1ccoc2cc(O)ccc12,114000.0,negative
CHEMBL325893,NC(=O)c1cc2c(Oc3cccc(Cl)c3)cncc2s1,800.0,negative
CHEMBL325893,NC(=O)c1cc2c(Oc3cccc(Cl)c3)cncc2s1,770.0,negative
CHEMBL325893,NC(=O)c1cc2c(Oc3cccc(Cl)c3)cncc2s1,850.0,negative
CHEMBL323832,CCOC(=O)c1cccc(Oc2cncc3sc(C(N)=O)cc23)c1,630.0,negative
CHEMBL323832,CCOC(=O)c1cccc(Oc2cncc3sc(C(N)=O)cc23)c1,680.0,negative
CHEMBL323832,CCOC(=O)c1cccc(Oc2cncc3sc(C(N)=O)cc23)c1,1000.0,negative
CHEMBL119901,NC(=O)c1cc2c(Oc3ccccc3CC(O)CO)cncc2s1,1000.0,negative
CHEMBL119901,NC(=O)c1cc2c(Oc3ccccc3CC(O)CO)cncc2s1,1000.0,negative
CHEMBL119901,NC(=O)c1cc2c(Oc3ccccc3CC(O)CO)cncc2s1,1000.0,negative
CHEMBL117093,CNC(=O)c1cc2c(Oc3ccc(N4CCOCC4)cc3)cncc2s1,35.0,negative
CHEMBL117093,CNC(=O)c1cc2c(Oc3ccc(N4CCOCC4)cc3)cncc2s1,79.0,negative
CHEMBL117093,CNC(=O)c1cc2c(Oc3ccc(N4CCOCC4)cc3)cncc2s1,1000.0,negative
CHEMBL325618,CNC(=O)c1cc2c(Oc3ccc(-c4nn[nH]n4)cc3)cncc2s1,1000.0,negative
CHEMBL325618,CNC(=O)c1cc2c(Oc3ccc(-c4nn[nH]n4)cc3)cncc2s1,1000.0,negative
CHEMBL325618,CNC(=O)c1cc2c(Oc3ccc(-c4nn[nH]n4)cc3)cncc2s1,1000.0,negative
CHEMBL117894,CNC(=O)c1cc2c(Oc3ccc(-c4cccs4)cc3)cncc2s1,5.0,negative
CHEMBL117894,CNC(=O)c1cc2c(Oc3ccc(-c4cccs4)cc3)cncc2s1,6.0,negative
CHEMBL117894,CNC(=O)c1cc2c(Oc3ccc(-c4cccs4)cc3)cncc2s1,6.0,negative
CHEMBL119711,CNC(=O)c1cc2c(Oc3ccc(/C=C/C(=O)NCCc4c[nH]cn4)cc3)cncc2s1,600.0,negative
CHEMBL119711,CNC(=O)c1cc2c(Oc3ccc(/C=C/C(=O)NCCc4c[nH]cn4)cc3)cncc2s1,670.0,negative
CHEMBL119711,CNC(=O)c1cc2c(Oc3ccc(/C=C/C(=O)NCCc4c[nH]cn4)cc3)cncc2s1,1000.0,negative
CHEMBL334215,O=C1CCC(c2c(-c3ccc(F)cc3F)nc3ccccn23)=NN1c1c(Cl)cccc1Cl,8.0,negative
CHEMBL334215,O=C1CCC(c2c(-c3ccc(F)cc3F)nc3ccccn23)=NN1c1c(Cl)cccc1Cl,63.0,negative
CHEMBL334215,O=C1CCC(c2c(-c3ccc(F)cc3F)nc3ccccn23)=NN1c1c(Cl)cccc1Cl,10.0,negative
CHEMBL334215,O=C1CCC(c2c(-c3ccc(F)cc3F)nc3ccccn23)=NN1c1c(Cl)cccc1Cl,205.0,negative
CHEMBL119675,O=C1CCC(c2c(-c3cccc(C(F)(F)F)c3)nc3ccccn23)=NN1c1ccccc1Cl,171.0,negative
CHEMBL119675,O=C1CCC(c2c(-c3cccc(C(F)(F)F)c3)nc3ccccn23)=NN1c1ccccc1Cl,355.0,negative
CHEMBL56055,Cc1ccc(Nc2nc(O)c3c[nH]nc3n2)cc1Cl,214000.0,negative
CHEMBL57559,O=C(Cc1ccccc1)NNC(=O)NC(Cc1c[nH]c2ccccc12)C(=O)NCCc1ccccc1,3.1,negative
CHEMBL80814,COc1ccc(CCN2CCC(C(=O)NO)(S(=O)(=O)c3ccc(OC)cc3)CC2)cc1,662.0,negative
CHEMBL80814,COc1ccc(CCN2CCC(C(=O)NO)(S(=O)(=O)c3ccc(OC)cc3)CC2)cc1,34.0,negative
CHEMBL80814,COc1ccc(CCN2CCC(C(=O)NO)(S(=O)(=O)c3ccc(OC)cc3)CC2)cc1,2.0,negative
CHEMBL412977,CCCCOc1ccc(CNC2C(Oc3c4cc5cc3Oc3ccc(cc3Cl)C(O)C3NC(=O)C(NC(=O)C5NC(=O)C5NC(=O)C(Cc6ccc(cc6)O4)NC(=O)C(N(C)Cc4ccc(OCCCC)cc4)c4ccc(O)c(c4)Oc4cc(O)c(Cl)c5c4)c4ccc(O)c(c4)-c4c(O)cc(O)cc4[C@H](C(=O)NCCCN(C)C)NC3=O)OC(C(=O)NCCCN(C)C)C(O)C2O)cc1,20000.0,negative
CHEMBL412977,CCCCOc1ccc(CNC2C(Oc3c4cc5cc3Oc3ccc(cc3Cl)C(O)C3NC(=O)C(NC(=O)C5NC(=O)C5NC(=O)C(Cc6ccc(cc6)O4)NC(=O)C(N(C)Cc4ccc(OCCCC)cc4)c4ccc(O)c(c4)Oc4cc(O)c(Cl)c5c4)c4ccc(O)c(c4)-c4c(O)cc(O)cc4[C@H](C(=O)NCCCN(C)C)NC3=O)OC(C(=O)NCCCN(C)C)C(O)C2O)cc1,18000.0,negative
CHEMBL412977,CCCCOc1ccc(CNC2C(Oc3c4cc5cc3Oc3ccc(cc3Cl)C(O)C3NC(=O)C(NC(=O)C5NC(=O)C5NC(=O)C(Cc6ccc(cc6)O4)NC(=O)C(N(C)Cc4ccc(OCCCC)cc4)c4ccc(O)c(c4)Oc4cc(O)c(Cl)c5c4)c4ccc(O)c(c4)-c4c(O)cc(O)cc4[C@H](C(=O)NCCCN(C)C)NC3=O)OC(C(=O)NCCCN(C)C)C(O)C2O)cc1,80000.0,negative
CHEMBL412977,CCCCOc1ccc(CNC2C(Oc3c4cc5cc3Oc3ccc(cc3Cl)C(O)C3NC(=O)C(NC(=O)C5NC(=O)C5NC(=O)C(Cc6ccc(cc6)O4)NC(=O)C(N(C)Cc4ccc(OCCCC)cc4)c4ccc(O)c(c4)Oc4cc(O)c(Cl)c5c4)c4ccc(O)c(c4)-c4c(O)cc(O)cc4[C@H](C(=O)NCCCN(C)C)NC3=O)OC(C(=O)NCCCN(C)C)C(O)C2O)cc1,5000.0,negative
CHEMBL412977,CCCCOc1ccc(CNC2C(Oc3c4cc5cc3Oc3ccc(cc3Cl)C(O)C3NC(=O)C(NC(=O)C5NC(=O)C5NC(=O)C(Cc6ccc(cc6)O4)NC(=O)C(N(C)Cc4ccc(OCCCC)cc4)c4ccc(O)c(c4)Oc4cc(O)c(Cl)c5c4)c4ccc(O)c(c4)-c4c(O)cc(O)cc4[C@H](C(=O)NCCCN(C)C)NC3=O)OC(C(=O)NCCCN(C)C)C(O)C2O)cc1,10000.0,negative
CHEMBL412977,CCCCOc1ccc(CNC2C(Oc3c4cc5cc3Oc3ccc(cc3Cl)C(O)C3NC(=O)C(NC(=O)C5NC(=O)C5NC(=O)C(Cc6ccc(cc6)O4)NC(=O)C(N(C)Cc4ccc(OCCCC)cc4)c4ccc(O)c(c4)Oc4cc(O)c(Cl)c5c4)c4ccc(O)c(c4)-c4c(O)cc(O)cc4[C@H](C(=O)NCCCN(C)C)NC3=O)OC(C(=O)NCCCN(C)C)C(O)C2O)cc1,4000.0,negative
CHEMBL415132,CCCCc1ccc(CNC2C(Oc3c4cc5cc3Oc3ccc(cc3Cl)C(O)C3NC(=O)C(NC(=O)C5NC(=O)C5NC(=O)C(Cc6ccc(cc6)O4)NC(=O)C(NC)c4ccc(O)c(c4)Oc4cc(O)c(Cl)c5c4)c4ccc(O)c(c4)-c4c(cc(O)c(CN5CCN(Cc6ccc(-c7ccccc7)cc6)CC5)c4O)[C@H](C(=O)NCCCN(C)C)NC3=O)OC(C(=O)NCCCN(C)C)C(O)C2O)cc1,25000.0,negative
CHEMBL415132,CCCCc1ccc(CNC2C(Oc3c4cc5cc3Oc3ccc(cc3Cl)C(O)C3NC(=O)C(NC(=O)C5NC(=O)C5NC(=O)C(Cc6ccc(cc6)O4)NC(=O)C(NC)c4ccc(O)c(c4)Oc4cc(O)c(Cl)c5c4)c4ccc(O)c(c4)-c4c(cc(O)c(CN5CCN(Cc6ccc(-c7ccccc7)cc6)CC5)c4O)[C@H](C(=O)NCCCN(C)C)NC3=O)OC(C(=O)NCCCN(C)C)C(O)C2O)cc1,35000.0,negative
CHEMBL415132,CCCCc1ccc(CNC2C(Oc3c4cc5cc3Oc3ccc(cc3Cl)C(O)C3NC(=O)C(NC(=O)C5NC(=O)C5NC(=O)C(Cc6ccc(cc6)O4)NC(=O)C(NC)c4ccc(O)c(c4)Oc4cc(O)c(Cl)c5c4)c4ccc(O)c(c4)-c4c(cc(O)c(CN5CCN(Cc6ccc(-c7ccccc7)cc6)CC5)c4O)[C@H](C(=O)NCCCN(C)C)NC3=O)OC(C(=O)NCCCN(C)C)C(O)C2O)cc1,212000.0,negative
CHEMBL415132,CCCCc1ccc(CNC2C(Oc3c4cc5cc3Oc3ccc(cc3Cl)C(O)C3NC(=O)C(NC(=O)C5NC(=O)C5NC(=O)C(Cc6ccc(cc6)O4)NC(=O)C(NC)c4ccc(O)c(c4)Oc4cc(O)c(Cl)c5c4)c4ccc(O)c(c4)-c4c(cc(O)c(CN5CCN(Cc6ccc(-c7ccccc7)cc6)CC5)c4O)[C@H](C(=O)NCCCN(C)C)NC3=O)OC(C(=O)NCCCN(C)C)C(O)C2O)cc1,3500.0,negative
CHEMBL415132,CCCCc1ccc(CNC2C(Oc3c4cc5cc3Oc3ccc(cc3Cl)C(O)C3NC(=O)C(NC(=O)C5NC(=O)C5NC(=O)C(Cc6ccc(cc6)O4)NC(=O)C(NC)c4ccc(O)c(c4)Oc4cc(O)c(Cl)c5c4)c4ccc(O)c(c4)-c4c(cc(O)c(CN5CCN(Cc6ccc(-c7ccccc7)cc6)CC5)c4O)[C@H](C(=O)NCCCN(C)C)NC3=O)OC(C(=O)NCCCN(C)C)C(O)C2O)cc1,20000.0,negative
CHEMBL415132,CCCCc1ccc(CNC2C(Oc3c4cc5cc3Oc3ccc(cc3Cl)C(O)C3NC(=O)C(NC(=O)C5NC(=O)C5NC(=O)C(Cc6ccc(cc6)O4)NC(=O)C(NC)c4ccc(O)c(c4)Oc4cc(O)c(Cl)c5c4)c4ccc(O)c(c4)-c4c(cc(O)c(CN5CCN(Cc6ccc(-c7ccccc7)cc6)CC5)c4O)[C@H](C(=O)NCCCN(C)C)NC3=O)OC(C(=O)NCCCN(C)C)C(O)C2O)cc1,4000.0,negative
CHEMBL141728,CSCC[C@H](NC(=O)c1cccc(C(=O)N[C@H](CCSC)C(=O)N2CCCC2)c1)C(=O)N1CCCC1,110.0,negative
CHEMBL141416,O=C([C@H]1CCCN1C(=O)c1cccc(C(=O)N2CCC[C@H]2C(=O)N2CCCCCC2)c1)N1CCCC1,23.0,negative
CHEMBL7889,CC(=N)NCCCC[C@H](N)C(=O)O,130.0,negative
CHEMBL7889,CC(=N)NCCCC[C@H](N)C(=O)O,2400.0,negative
CHEMBL7889,CC(=N)NCCCC[C@H](N)C(=O)O,1600.0,negative
CHEMBL62077,CCc1ccnc(N)c1,1100.0,negative
CHEMBL62077,CCc1ccnc(N)c1,4300.0,negative
CHEMBL62077,CCc1ccnc(N)c1,2200.0,negative
CHEMBL133572,Nc1c(S(=O)(=O)[O-])cc(Nc2ccc(Nc3nc(Cl)nc(Cl)n3)cc2S(=O)(=O)[O-])c2c1C(=O)c1ccccc1C2=O.[Na+].[Na+],1000.0,negative
CHEMBL133572,Nc1c(S(=O)(=O)[O-])cc(Nc2ccc(Nc3nc(Cl)nc(Cl)n3)cc2S(=O)(=O)[O-])c2c1C(=O)c1ccccc1C2=O.[Na+].[Na+],1600.0,negative
CHEMBL132630,Clc1ccc(Sc2ccccc2C2=NCCN2)cc1,320.0,negative
CHEMBL130372,COc1ccc(C2(O)c3ccccc3C3=NCCCN32)cc1OC,87.0,negative
CHEMBL356309,Fc1ccc(-c2[nH]c(/C=C/c3ccccc3)nc2-c2ccncc2)cc1,6500.0,negative
CHEMBL356309,Fc1ccc(-c2[nH]c(/C=C/c3ccccc3)nc2-c2ccncc2)cc1,130.0,negative
CHEMBL333624,O=S(=O)(O)c1cc(O)c2c(ccc3[nH]c(-c4ccc5ccccc5c4O)nc32)c1,9700.0,negative
CHEMBL88307,CC/C(=N\N=C(/S)NC)c1cccc(Br)c1,10000.0,negative
CHEMBL90475,S=C(Nc1cccc(Cl)c1)N1CCC(c2cccc(Br)c2)=N1,1000.0,negative
CHEMBL90371,CCC(N/N=C(/N)S)c1cccc(Br)c1,10000.0,negative
CHEMBL321164,NC(Cc1cnnn1O)C(=O)O,150.0,negative
CHEMBL321164,NC(Cc1cnnn1O)C(=O)O,47000.0,negative
CHEMBL321164,NC(Cc1cnnn1O)C(=O)O,100000.0,negative
CHEMBL321164,NC(Cc1cnnn1O)C(=O)O,1000000.0,negative
CHEMBL321164,NC(Cc1cnnn1O)C(=O)O,93000.0,negative
CHEMBL321164,NC(Cc1cnnn1O)C(=O)O,100000.0,negative
CHEMBL321164,NC(Cc1cnnn1O)C(=O)O,300000.0,negative
CHEMBL321164,NC(Cc1cnnn1O)C(=O)O,1000000.0,negative
CHEMBL133897,CCOc1nn(-c2cccc(OCc3ccccc3)c2)c(=O)o1,1100.0,negative
CHEMBL133897,CCOc1nn(-c2cccc(OCc3ccccc3)c2)c(=O)o1,920.0,negative
CHEMBL133897,CCOc1nn(-c2cccc(OCc3ccccc3)c2)c(=O)o1,750.0,negative
CHEMBL133897,CCOc1nn(-c2cccc(OCc3ccccc3)c2)c(=O)o1,10000.0,negative
CHEMBL133897,CCOc1nn(-c2cccc(OCc3ccccc3)c2)c(=O)o1,10000.0,negative
CHEMBL133897,CCOc1nn(-c2cccc(OCc3ccccc3)c2)c(=O)o1,15000.0,negative
CHEMBL76913,O=C([O-])Cc1cc(Cl)ccc1Nc1c(Cl)cccc1Cl.[Na+],794328234.72,negative
CHEMBL76084,Cc1cccc(Cl)c1Nc1ccccc1CC(=O)O,1000000000.0,negative
CHEMBL36108,O=C(O)CN(c1ccccc1)S(=O)(=O)c1ccc(NC(=O)c2ccccc2)cc1,380.0,negative
CHEMBL76979,COc1cc(/C=C(\C#N)C(=O)O)cc(OC)c1O,264000.0,negative
CHEMBL76589,N#CC(C#N)=C(N)/C(C#N)=C/c1ccc(O)cc1,125.0,negative
CHEMBL77724,COc1cc(C=C(C#N)C#N)cc(OC)c1,1250000.0,negative
CHEMBL420385,N#CC(C#N)=Cc1ccc(N2CCOCC2)cc1,625000.0,negative
CHEMBL76904,N#CC(C#N)=Cc1ccc(O)c(O)c1,35000.0,negative
CHEMBL1009,N[C@@H](Cc1ccc(O)c(O)c1)C(=O)O,900000.0,negative
CHEMBL146140,NC(=O)[C@@H]1CCN(C(=O)Cc2ccc(Cl)c(Cl)c2)[C@H](CN2CCCC2)C1,1200.0,negative
CHEMBL56536,CCN1C(=O)Cc2cc(CCN3CCN(c4cccc5ccccc45)CC3)ccc21,81.2,negative
CHEMBL56536,CCN1C(=O)Cc2cc(CCN3CCN(c4cccc5ccccc45)CC3)ccc21,248.0,negative
CHEMBL56536,CCN1C(=O)Cc2cc(CCN3CCN(c4cccc5ccccc45)CC3)ccc21,2.9,negative
CHEMBL37420,O=C(O)CNS(=O)(=O)c1ccccc1[N+](=O)[O-],13000.0,negative
CHEMBL301347,CCCC[C@H](O[C@@H](Cc1ccccc1)C(=O)N1CCC(OCOC)CC1)C(=O)N[C@@H](CC1CCCCC1)[C@@H](O)C[C@H](NC(=O)OCCN1CCCC1)C(C)C,2.5,negative
CHEMBL301347,CCCC[C@H](O[C@@H](Cc1ccccc1)C(=O)N1CCC(OCOC)CC1)C(=O)N[C@@H](CC1CCCCC1)[C@@H](O)C[C@H](NC(=O)OCCN1CCCC1)C(C)C,13.0,negative
CHEMBL48624,CCCC[C@H](O[C@@H](Cc1ccccc1)C(=O)N1CCC(OCOC)CC1)C(=O)N[C@@H](CC1CCCCC1)[C@@H](O)C[C@H](C(=O)NCCCN1CCOCC1)C(C)C,2.4,negative
CHEMBL48624,CCCC[C@H](O[C@@H](Cc1ccccc1)C(=O)N1CCC(OCOC)CC1)C(=O)N[C@@H](CC1CCCCC1)[C@@H](O)C[C@H](C(=O)NCCCN1CCOCC1)C(C)C,2.8,negative
CHEMBL48624,CCCC[C@H](O[C@@H](Cc1ccccc1)C(=O)N1CCC(OCOC)CC1)C(=O)N[C@@H](CC1CCCCC1)[C@@H](O)C[C@H](C(=O)NCCCN1CCOCC1)C(C)C,1.5,negative
CHEMBL112904,CNc1nc(Br)cn2cc(C#N)nc12,70000.0,negative
CHEMBL146682,COC(=O)/C=C1\CCN(CC2CCCCN2C(=O)Cc2ccc(Cl)c(Cl)c2)C1,1020.0,negative
CHEMBL292779,Fc1cccc(CCN2CCN(CCCc3c[nH]c4ccc(-n5cnnc5)cc34)CC2)c1,0.6,negative
CHEMBL292779,Fc1cccc(CCN2CCN(CCCc3c[nH]c4ccc(-n5cnnc5)cc34)CC2)c1,1.2,negative
CHEMBL2112947,COC(=O)[C@@H]1C2CC[C@H](C[C@H]1OC(=O)c1ccc3ccccc3c1)N2C,327.0,negative
CHEMBL2112947,COC(=O)[C@@H]1C2CC[C@H](C[C@H]1OC(=O)c1ccc3ccccc3c1)N2C,813.0,negative
CHEMBL2303882,O=C(O)COc1cccc(-c2ccc(CCCCCCc3ccc(O[C@H]4O[C@H](CO)[C@@H](O)[C@@H](O)[C@@H]4O)c(-c4cccc(OCC(=O)O)c4)c3)cc2O[C@H]2O[C@H](CO)[C@@H](O)[C@@H](O)[C@@H]2O)c1,3200000.0,negative
CHEMBL2303882,O=C(O)COc1cccc(-c2ccc(CCCCCCc3ccc(O[C@H]4O[C@H](CO)[C@@H](O)[C@@H](O)[C@@H]4O)c(-c4cccc(OCC(=O)O)c4)c3)cc2O[C@H]2O[C@H](CO)[C@@H](O)[C@@H](O)[C@@H]2O)c1,540000.0,negative
CHEMBL2303882,O=C(O)COc1cccc(-c2ccc(CCCCCCc3ccc(O[C@H]4O[C@H](CO)[C@@H](O)[C@@H](O)[C@@H]4O)c(-c4cccc(OCC(=O)O)c4)c3)cc2O[C@H]2O[C@H](CO)[C@@H](O)[C@@H](O)[C@@H]2O)c1,1400000.0,negative
CHEMBL10542,O=c1oc(Nc2nc[nH]n2)nc2ccccc12,62500.0,negative
CHEMBL273264,N=C(N)Nc1ccc(C(=O)Oc2ccc3cc(C(=N)N)ccc3c2)cc1,12000.0,negative
CHEMBL273264,N=C(N)Nc1ccc(C(=O)Oc2ccc3cc(C(=N)N)ccc3c2)cc1,12000.0,negative
CHEMBL273264,N=C(N)Nc1ccc(C(=O)Oc2ccc3cc(C(=N)N)ccc3c2)cc1,17.0,negative
CHEMBL3142655,COc1cc(CNC(=O)[C@@H]2CCCN2C(=O)C(N)C(c2ccccc2)c2ccccc2)cc(OC)c1,50.0,negative
CHEMBL297008,Cc1ccc(-c2ccc(S(C)(=O)=O)cc2)n1-c1ccccc1,60.0,negative
CHEMBL297008,Cc1ccc(-c2ccc(S(C)(=O)=O)cc2)n1-c1ccccc1,100000.0,negative
CHEMBL289813,Cc1c(C=O)cc(-c2ccc(S(C)(=O)=O)cc2)n1-c1ccc(F)cc1,3230.0,negative
CHEMBL289813,Cc1c(C=O)cc(-c2ccc(S(C)(=O)=O)cc2)n1-c1ccc(F)cc1,100000.0,negative
CHEMBL113741,Cc1cc(C(=O)N[C@@H](CC(F)C(=O)O)C(=O)O)sc1N(C)Cc1cnc2nc(N)nc(N)c2n1,100000.0,negative
CHEMBL423558,COc1cc(CCC2CNc3nc(N)nc(N)c3C2)cc(OC)c1OC,61700.0,negative
CHEMBL423558,COc1cc(CCC2CNc3nc(N)nc(N)c3C2)cc(OC)c1OC,470.0,negative
CHEMBL423558,COc1cc(CCC2CNc3nc(N)nc(N)c3C2)cc(OC)c1OC,6100.0,negative
CHEMBL2111248,C[C@H]1C[C@@H](n2ncc3c(N)ncnc32)[C@H](O)[C@@H]1O,12200.0,negative
CHEMBL2111248,C[C@H]1C[C@@H](n2ncc3c(N)ncnc32)[C@H](O)[C@@H]1O,16800.0,negative
CHEMBL2111248,C[C@H]1C[C@@H](n2ncc3c(N)ncnc32)[C@H](O)[C@@H]1O,14000.0,negative
CHEMBL164930,N#CCCc1c(-c2ccccc2)c(O)nc2cc(Cl)ccc12,750.0,negative
CHEMBL167201,CN(C)CCNc1c(-c2ccccc2)c(O)nc2cc(Cl)ccc12,3200.0,negative
CHEMBL165187,CCc1c(-c2ccccc2)c(O)nc2cc(Cl)ccc12,100000.0,negative
CHEMBL66457,CC(C)(O)CC[C@H](C[C@H](O)[C@H](Cc1ccccc1)NC(=O)c1cnc2ccccc2n1)C(N)=O,580.0,negative
CHEMBL66457,CC(C)(O)CC[C@H](C[C@H](O)[C@H](Cc1ccccc1)NC(=O)c1cnc2ccccc2n1)C(N)=O,1180.0,negative
CHEMBL304053,CC(C)(O)CCC(C[C@H](O)[C@H](Cc1ccccc1F)NC(=O)c1cnc2ccccc2n1)C(N)=O,52.0,negative
CHEMBL304053,CC(C)(O)CCC(C[C@H](O)[C@H](Cc1ccccc1F)NC(=O)c1cnc2ccccc2n1)C(N)=O,680.0,negative
CHEMBL330621,Cc1ccc(Nc2ncc(-c3ccccc3)s2)nc1,19.0,negative
CHEMBL323957,Oc1ccccc1-c1nc2c(-c3nc4ccccc4o3)cccc2o1,20000.0,negative
CHEMBL323957,Oc1ccccc1-c1nc2c(-c3nc4ccccc4o3)cccc2o1,20000.0,negative
CHEMBL419009,COc1ccc(-c2nc3cc(-c4cccc(F)c4)ccc3o2)cc1N1C(=O)c2ccc(C(=O)O)cc2C1=O,1000.0,negative
CHEMBL419009,COc1ccc(-c2nc3cc(-c4cccc(F)c4)ccc3o2)cc1N1C(=O)c2ccc(C(=O)O)cc2C1=O,20000.0,negative
CHEMBL114134,COc1ccc(-c2nc3cc(-c4cccc(Cl)c4)ccc3o2)cc1N1C(=O)c2ccc(C(=O)O)cc2C1=O,600.0,negative
CHEMBL114134,COc1ccc(-c2nc3cc(-c4cccc(Cl)c4)ccc3o2)cc1N1C(=O)c2ccc(C(=O)O)cc2C1=O,7000.0,negative
CHEMBL112849,COc1ccc(-c2nc3cc(-c4ccc(OC(F)(F)F)cc4)ccc3o2)cc1N1C(=O)c2ccc(C(=O)O)cc2C1=O,400.0,negative
CHEMBL112849,COc1ccc(-c2nc3cc(-c4ccc(OC(F)(F)F)cc4)ccc3o2)cc1N1C(=O)c2ccc(C(=O)O)cc2C1=O,20000.0,negative
CHEMBL112771,COCCNc1ccc(N2C(=O)c3ccc(C(=O)O)cc3C2=O)cc1-c1nc2cc(-c3cc(F)cc(F)c3)ccc2o1,3000.0,negative
CHEMBL153102,Cc1nc2cc(OC[C@H](O)CN3CCN(CC(=O)Nc4ccccc4)CC3)ccc2s1,10000.0,negative
CHEMBL153426,Cc1nc2cc(OC[C@H](O)CN3CCN(CC(=O)Nc4cccc5ccccc45)CC3)ccc2s1,105.0,negative
CHEMBL347797,Cc1nc2cc(OC[C@H](O)CN3CCN(CC(=O)N[C@H]4CCc5ccccc54)CC3)ccc2s1,2200.0,negative
CHEMBL352106,CCCCCCCCCCC[C@H]1CC[C@H]([C@H]2CC[C@H](CCCCCCCCCCCCCC3=C[C@H](C)OC3=O)O2)O1,85.0,negative
CHEMBL114758,COc1ccc(/N=C2/C(=O)c3cncnc3C(O)=C2Cl)c(OC)c1,2020.0,negative
CHEMBL114758,COc1ccc(/N=C2/C(=O)c3cncnc3C(O)=C2Cl)c(OC)c1,1070.0,negative
CHEMBL114758,COc1ccc(/N=C2/C(=O)c3cncnc3C(O)=C2Cl)c(OC)c1,610.0,negative
CHEMBL337921,Cc1cc(NC(=O)Cc2ccc3[nH]c(-c4ccc(Cl)s4)nc3c2)ccc1-n1ccccc1=O,180.0,negative
CHEMBL337921,Cc1cc(NC(=O)Cc2ccc3[nH]c(-c4ccc(Cl)s4)nc3c2)ccc1-n1ccccc1=O,10000.0,negative
CHEMBL337921,Cc1cc(NC(=O)Cc2ccc3[nH]c(-c4ccc(Cl)s4)nc3c2)ccc1-n1ccccc1=O,10000.0,negative
CHEMBL340500,Cc1cc(NC(=O)Cc2ccc3[nH]c(-c4ccc(Cl)s4)nc3c2)ccc1N1CCOCC1=O,120.0,negative
CHEMBL340500,Cc1cc(NC(=O)Cc2ccc3[nH]c(-c4ccc(Cl)s4)nc3c2)ccc1N1CCOCC1=O,10000.0,negative
CHEMBL340500,Cc1cc(NC(=O)Cc2ccc3[nH]c(-c4ccc(Cl)s4)nc3c2)ccc1N1CCOCC1=O,10000.0,negative
CHEMBL150764,CCCCc1cc2c(=O)cc(C(=O)O)[nH]c2c2c(=O)cc(C(=O)O)[nH]c12,970000.0,negative
CHEMBL150764,CCCCc1cc2c(=O)cc(C(=O)O)[nH]c2c2c(=O)cc(C(=O)O)[nH]c12,2220000.0,negative
CHEMBL368457,CC(C)(C)NCC(O)CON=C1c2ccccc2-c2ccccc21,37.9,negative
CHEMBL368457,CC(C)(C)NCC(O)CON=C1c2ccccc2-c2ccccc21,24.6,negative
CHEMBL445118,CC[C@H](C)[C@H](NC(=O)[C@@H](NC(=O)[C@H]1COCCCN(C(=O)[C@H](Cc2ccccc2)NC(=O)OC(C)(C)C)[C@H](C)C(=O)N1)C(C)C)C(=O)N[C@@H](Cc1c[nH]cn1)C(=O)OC,100000.0,negative
CHEMBL445118,CC[C@H](C)[C@H](NC(=O)[C@@H](NC(=O)[C@H]1COCCCN(C(=O)[C@H](Cc2ccccc2)NC(=O)OC(C)(C)C)[C@H](C)C(=O)N1)C(C)C)C(=O)N[C@@H](Cc1c[nH]cn1)C(=O)OC,100000.0,negative
CHEMBL445118,CC[C@H](C)[C@H](NC(=O)[C@@H](NC(=O)[C@H]1COCCCN(C(=O)[C@H](Cc2ccccc2)NC(=O)OC(C)(C)C)[C@H](C)C(=O)N1)C(C)C)C(=O)N[C@@H](Cc1c[nH]cn1)C(=O)OC,10000.0,negative
CHEMBL445118,CC[C@H](C)[C@H](NC(=O)[C@@H](NC(=O)[C@H]1COCCCN(C(=O)[C@H](Cc2ccccc2)NC(=O)OC(C)(C)C)[C@H](C)C(=O)N1)C(C)C)C(=O)N[C@@H](Cc1c[nH]cn1)C(=O)OC,10000.0,negative
CHEMBL20530,CCCc1ccc2c(c1)c(OC)cc1nc(C(=O)c3ccccc3)cn12,16.0,negative
CHEMBL3350128,CN1CC[C@]23c4c5ccc(O)c4O[C@H]2[C@@H](NC(=O)CNC(=O)CNC(=O)CNC(=O)CCC(=O)NCC(=O)NCC(=O)NCC(=O)N[C@H]2CC[C@@]4(O)[C@H]6Cc7ccc(O)c8c7[C@@]4(CCN6C)[C@H]2O8)CC[C@@]3(O)[C@H]1C5,25.1,negative
CHEMBL556129,C[n+]1ccccc1CCC(O)CCl.[I-],200000.0,negative
CHEMBL556129,C[n+]1ccccc1CCC(O)CCl.[I-],200000.0,negative
CHEMBL1202763,CC(C)c1ccc2nc3ccc(C(=O)N(C)CCCCc4cccnc4)cn3c(=O)c2c1.Cl,1000.0,negative
CHEMBL1202763,CC(C)c1ccc2nc3ccc(C(=O)N(C)CCCCc4cccnc4)cn3c(=O)c2c1.Cl,600.0,negative
CHEMBL1202758,CC(C)c1ccc2nc3ccc(C(=O)NCCCCOc4cccnc4)cn3c(=O)c2c1.Cl.Cl,800.0,negative
CHEMBL1202758,CC(C)c1ccc2nc3ccc(C(=O)NCCCCOc4cccnc4)cn3c(=O)c2c1.Cl.Cl,50.0,negative
CHEMBL541525,Cl.NCCn1nc2c3c(c(NCCNCCO)ccc31)C(=O)c1ccccc1-2,80.0,negative
CHEMBL24454,O=C1c2ccccc2-c2nn(CCNCO)c3ccc(NCCNCCO)c1c23,74.0,negative
CHEMBL553770,CN(C)CCNCCNc1ccc2c3c(nn2CCNCCO)-c2c(O)ccc(O)c2C(=O)c13.Cl,760.0,negative
CHEMBL20519,CCOC(=O)N1Cc2c(OC)nc3nc(C(=O)c4ccccc4)cn3c2C1,10000.0,negative
CHEMBL15284,CCCCC1Nc2ccc(C(C)C)cc2C(=O)N1Cc1ccc(-c2ccccc2-c2nn[nH]n2)cc1,90.0,negative
CHEMBL15240,CCCCC1Nc2ccc(C(C)(C)OC)cc2C(=O)N1Cc1ccc(-c2ccccc2-c2nn[nH]n2)cc1,2700.0,negative
CHEMBL275875,CCCCc1nc2ccc(C(C)(C)OC)cc2c(=O)n1Cc1ccc(-c2ccccc2-c2nn[nH]n2)cc1,6.0,negative
CHEMBL420447,CCCCN(CC(=O)N(CC(=O)NO)C(C)CC)C(=O)Nc1ccc(Oc2ccccc2)cc1,54000.0,negative
CHEMBL99448,O=C1C=CN2c3ccccc3CCC2C1,5130.0,negative
CHEMBL123237,CNC(=O)N1C(=O)C[C@H]1OC(C)=O,100000.0,negative
CHEMBL124107,CCCCNC(=O)N1C(=O)C[C@H]1OC(C)=O,68000.0,negative
CHEMBL542638,C/C(=N\C12CC3CC(CC(C3)C1)C2)Nc1ccccc1C.Cl,6.0,negative
CHEMBL542638,C/C(=N\C12CC3CC(CC(C3)C1)C2)Nc1ccccc1C.Cl,10000.0,negative
CHEMBL418704,O=P(O)(O)C(Cc1ccccc1)N[C@H](Cc1ccc(-c2ccccc2)cc1)c1nnn[nH]1,5000.0,negative
CHEMBL418704,O=P(O)(O)C(Cc1ccccc1)N[C@H](Cc1ccc(-c2ccccc2)cc1)c1nnn[nH]1,17.0,negative
CHEMBL117721,N=C(N)N1CCC[C@H](NC(=O)CNC(=O)[C@@H](CNC(=O)c2cnccn2)NS(=O)(=O)Cc2ccccc2)C1O,311.0,negative
CHEMBL117721,N=C(N)N1CCC[C@H](NC(=O)CNC(=O)[C@@H](CNC(=O)c2cnccn2)NS(=O)(=O)Cc2ccccc2)C1O,2500.0,negative
CHEMBL117721,N=C(N)N1CCC[C@H](NC(=O)CNC(=O)[C@@H](CNC(=O)c2cnccn2)NS(=O)(=O)Cc2ccccc2)C1O,1480.0,negative
CHEMBL117721,N=C(N)N1CCC[C@H](NC(=O)CNC(=O)[C@@H](CNC(=O)c2cnccn2)NS(=O)(=O)Cc2ccccc2)C1O,152.0,negative
CHEMBL331807,N=C(N)N1CCC[C@H](NC(=O)CNC(=O)[C@@H](CCNC(=O)c2ccc(O)nc2)NS(=O)(=O)Cc2ccccc2)C1O,6.1,negative
CHEMBL331807,N=C(N)N1CCC[C@H](NC(=O)CNC(=O)[C@@H](CCNC(=O)c2ccc(O)nc2)NS(=O)(=O)Cc2ccccc2)C1O,2500.0,negative
CHEMBL331807,N=C(N)N1CCC[C@H](NC(=O)CNC(=O)[C@@H](CCNC(=O)c2ccc(O)nc2)NS(=O)(=O)Cc2ccccc2)C1O,367.0,negative
CHEMBL331807,N=C(N)N1CCC[C@H](NC(=O)CNC(=O)[C@@H](CCNC(=O)c2ccc(O)nc2)NS(=O)(=O)Cc2ccccc2)C1O,26.6,negative
CHEMBL116226,COc1c([C@H](CC(C)C)OC(C)=O)ccc2c1C(=O)OCc1cc(C)cc(O)c1O2,8400.0,negative
CHEMBL116226,COc1c([C@H](CC(C)C)OC(C)=O)ccc2c1C(=O)OCc1cc(C)cc(O)c1O2,100000.0,negative
CHEMBL149975,CN1C[C@@H]2Cc3ccccc3[C@]13CCCC[C@@H]23,137.0,negative
CHEMBL417354,CCCCC/C=C/C(=O)N1CCC[C@H]1C(=O)N1CCCC1,34.0,negative
CHEMBL297237,CCCCC/C=C(\C)C(=O)N1CCC[C@H]1C(=O)N1CCCC1,73.0,negative
CHEMBL19545,CC(C)[C@H](NC(=O)OCc1ccccc1)C(=O)NC(Cc1ccc(OCc2ccccc2)cc1)C(=O)C(F)(F)C(=O)N[C@@H](C(=O)OC(C)(C)C)C(C)C,6.0,negative
CHEMBL81280,COc1ccc(-c2ccc3c(c2)OCO3)c(OC)c1OC,150000.0,negative
CHEMBL329678,CCC1CN2CCC1CC2[C@H](O)c1cc(-c2cccc([N+](=O)[O-])c2)nc2ccc(OC)cc12,41000.0,negative
CHEMBL63635,CC(C)=CCC/C(C)=C/CC/C(C)=C/CC(CCC(=O)N[C@H](C(=O)N[C@@H](CC(C)C)C(=O)N[C@@H](CO)C(=O)O)C(C)C)C(=O)O,900.0,negative
CHEMBL305422,CC(C)=CCC/C(C)=C/CC/C(C)=C/CC(CCCCC(=O)N[C@H](C(=O)N[C@@H](CC(C)C)C(=O)N[C@@H](CO)C(=O)O)C(C)C)C(=O)O,1800.0,negative
CHEMBL141580,Cc1csc2nc([C@H](C)NC(=O)/C=C/c3ccccc3[N+](=O)[O-])oc(=O)c12,720.0,negative
CHEMBL141580,Cc1csc2nc([C@H](C)NC(=O)/C=C/c3ccccc3[N+](=O)[O-])oc(=O)c12,76.0,negative
CHEMBL141580,Cc1csc2nc([C@H](C)NC(=O)/C=C/c3ccccc3[N+](=O)[O-])oc(=O)c12,2200.0,negative
CHEMBL64793,C[C@]1(COC(=O)CCl)[C@H](C(=O)[O-])N2C(=O)/C(=C/C(=O)[O-])C2S1(=O)=O.[Na+].[Na+],196.0,negative
CHEMBL64793,C[C@]1(COC(=O)CCl)[C@H](C(=O)[O-])N2C(=O)/C(=C/C(=O)[O-])C2S1(=O)=O.[Na+].[Na+],7200.0,negative
CHEMBL60220,C[C@]1(/C=C/C#N)[C@H](C(=O)[O-])N2C(=O)/C(=C/C(=O)[O-])C2S1(=O)=O.[Na+].[Na+],6760.0,negative
CHEMBL60220,C[C@]1(/C=C/C#N)[C@H](C(=O)[O-])N2C(=O)/C(=C/C(=O)[O-])C2S1(=O)=O.[Na+].[Na+],21670.0,negative
CHEMBL60220,C[C@]1(/C=C/C#N)[C@H](C(=O)[O-])N2C(=O)/C(=C/C(=O)[O-])C2S1(=O)=O.[Na+].[Na+],504000.0,negative
CHEMBL310387,COc1ccc2c(Cc3c(Cl)cncc3Cl)nnc(-c3ccccc3)c2c1,37.0,negative
CHEMBL310387,COc1ccc2c(Cc3c(Cl)cncc3Cl)nnc(-c3ccccc3)c2c1,37.15,negative
CHEMBL283307,CN(C)CCCCn1c2ccccc2c2c3c(c4c5ccccc5cnc4c21)C(=O)NC3=O,1140.0,negative
CHEMBL438286,CCCCC(=O)N[C@@H]1CC(=O)NCCCC[C@@H](C(N)=O)NC(=O)[C@H](Cc2c[nH]c3ccccc23)NC(=O)[C@@H](CCCN=C(N)N)NC(=O)[C@H](Cc2ccccc2)NC(=O)C2(CCc3c(Br)cccc3C2)NC1=O,15.0,negative
CHEMBL412174,CCCCC(=O)N[C@@H]1CC(=O)NCCCC[C@@H](C(N)=O)NC(=O)[C@H](Cc2c[nH]c3ccccc23)NC(=O)[C@@H](CCCN=C(N)N)NC(=O)[C@H](Cc2ccccc2)NC(=O)C2(CCc3ccc(Br)cc3C2)NC1=O,10.0,negative
CHEMBL412174,CCCCC(=O)N[C@@H]1CC(=O)NCCCC[C@@H](C(N)=O)NC(=O)[C@H](Cc2c[nH]c3ccccc23)NC(=O)[C@@H](CCCN=C(N)N)NC(=O)[C@H](Cc2ccccc2)NC(=O)C2(CCc3ccc(Br)cc3C2)NC1=O,140.0,negative
CHEMBL264337,CCCCC(=O)N[C@@H]1CC(=O)NCCCC[C@@H](C(N)=O)NC(=O)[C@H](Cc2c[nH]c3ccccc23)NC(=O)[C@@H](CCCN=C(N)N)NC(=O)[C@H](Cc2ccccc2)NC(=O)C2(CCc3c(cccc3C(C)C)C2)NC1=O,7.0,negative
CHEMBL264337,CCCCC(=O)N[C@@H]1CC(=O)NCCCC[C@@H](C(N)=O)NC(=O)[C@H](Cc2c[nH]c3ccccc23)NC(=O)[C@@H](CCCN=C(N)N)NC(=O)[C@H](Cc2ccccc2)NC(=O)C2(CCc3c(cccc3C(C)C)C2)NC1=O,480.0,negative
CHEMBL304271,CCN(CC)CC(O)CNC(=O)c1cc(C)c(/C=C2\C(=O)Nc3ncnc(Nc4ccc(F)c(Cl)c4)c32)[nH]1,0.45,negative
CHEMBL304271,CCN(CC)CC(O)CNC(=O)c1cc(C)c(/C=C2\C(=O)Nc3ncnc(Nc4ccc(F)c(Cl)c4)c32)[nH]1,20000.0,negative
CHEMBL304271,CCN(CC)CC(O)CNC(=O)c1cc(C)c(/C=C2\C(=O)Nc3ncnc(Nc4ccc(F)c(Cl)c4)c32)[nH]1,360.0,negative
CHEMBL283121,NS(=O)(=O)Oc1ccc(Br)cc1,912000.0,negative
CHEMBL283698,O=C(NCC1CCC(C(=O)NO)CC1)c1cccc2ccccc12,90100.0,negative
CHEMBL173378,CC(C)c1cc(CN2CCOCC2)cc(C(C)C)c1O,100000.0,negative
CHEMBL172753,CC(=O)Nc1c(C(C)C)cc(CN2CCOCC2)cc1C(C)C,10000.0,negative
CHEMBL170584,CNc1c(C(C)C)cc(CN2CCOCC2)cc1C(C)C,100000.0,negative
CHEMBL57157,CCN(CC)C(=O)CCC1=C(c2ccccc2)c2ccccc2C(=O)C1=O,610.0,negative
CHEMBL292444,CCOC(=O)c1ccc(CCC2=C(c3ccccc3)c3ccccc3C(=O)C2=O)cc1,1010.0,negative
CHEMBL88662,CC(C)C[C@H](NC(=O)CC[C@H](N)C(=O)O)C(=O)N[C@@H](CCCCNCCCCN)C(=O)O,27900.0,negative
CHEMBL60707,O=C1C=C(c2c[nH]c3ccccc23)c2ccccc2C1=O,1130.0,negative
CHEMBL60707,O=C1C=C(c2c[nH]c3ccccc23)c2ccccc2C1=O,3070.0,negative
CHEMBL60707,O=C1C=C(c2c[nH]c3ccccc23)c2ccccc2C1=O,10200.0,negative
CHEMBL60707,O=C1C=C(c2c[nH]c3ccccc23)c2ccccc2C1=O,25610.0,negative
CHEMBL60707,O=C1C=C(c2c[nH]c3ccccc23)c2ccccc2C1=O,3190.0,negative
CHEMBL60707,O=C1C=C(c2c[nH]c3ccccc23)c2ccccc2C1=O,1950.0,negative
CHEMBL88807,C#CCNC(=O)Cn1c2cc(OC)ccc2c2cc[n+]3nc(CC)c(CC)cc3c21,72900.0,negative
CHEMBL126365,O=C(O)CC1CCc2cc(NC(=O)/C=C/C3CCNCC3)ccc2C1=O,26.0,negative
CHEMBL126365,O=C(O)CC1CCc2cc(NC(=O)/C=C/C3CCNCC3)ccc2C1=O,360.0,negative
CHEMBL305922,Cc1cc(C(=O)Nc2cccc(Br)c2)nn1-c1cccc(C(F)(F)F)c1,359.0,negative
CHEMBL104852,CCOC(=O)c1csc(-c2nc3c([nH]2)C(=O)C=CC3=O)n1,16320.0,negative
CHEMBL104852,CCOC(=O)c1csc(-c2nc3c([nH]2)C(=O)C=CC3=O)n1,1420.0,negative
CHEMBL65569,CCOC(=O)c1cn(Cc2c(F)cccc2F)c2nc(-c3ccc(NC(=O)C(C)C)cc3)c(CN(C)Cc3ccccc3)n2c1=O,30.0,negative
CHEMBL65769,CONC(=O)Nc1ccc(-c2nc3n(Cc4c(F)cccc4F)cc(C(=O)OC(C)C)c(=O)n3c2CN(C)Cc2ccccc2)cc1,0.4,negative
CHEMBL71561,Cc1cc(-c2c(O)nc3cc(Cl)c(C(=O)Nc4ncccn4)cc3c2OCC[C@@H]2CCN2)cc(C)c1C,0.44,negative
CHEMBL71561,Cc1cc(-c2c(O)nc3cc(Cl)c(C(=O)Nc4ncccn4)cc3c2OCC[C@@H]2CCN2)cc(C)c1C,4.0,negative
CHEMBL45203,COc1ccc(-n2nc(-c3ccncc3)c(-c3ccc(F)cc3)n2)cc1OC,744.0,negative
CHEMBL8453,COc1ccc2c(c1)CCC=C2CCCN1CCN(c2ccccc2)CC1,147.0,negative
CHEMBL8453,COc1ccc2c(c1)CCC=C2CCCN1CCN(c2ccccc2)CC1,119.0,negative
CHEMBL8453,COc1ccc2c(c1)CCC=C2CCCN1CCN(c2ccccc2)CC1,777.0,negative
CHEMBL351618,O=C1c2cccc3cc4ccccc4c(c23)C(=O)N1CCCN(CCO)CCO,217.0,negative
CHEMBL351618,O=C1c2cccc3cc4ccccc4c(c23)C(=O)N1CCCN(CCO)CCO,163.0,negative
CHEMBL351618,O=C1c2cccc3cc4ccccc4c(c23)C(=O)N1CCCN(CCO)CCO,76.0,negative
CHEMBL351618,O=C1c2cccc3cc4ccccc4c(c23)C(=O)N1CCCN(CCO)CCO,142.0,negative
CHEMBL351618,O=C1c2cccc3cc4ccccc4c(c23)C(=O)N1CCCN(CCO)CCO,8910.0,negative
CHEMBL540792,Cc1ccccc1C(=CCCN1CCC[C@H](C(=O)O)C1)c1ccccc1C.Cl,82.0,negative
CHEMBL1203058,Cl.O=C(NCCCOc1ccc2[nH]c3nc(O)nc-3cc2c1)N1CCN(CC2CCCCO2)CC1,0.16,negative
CHEMBL1203072,Cl.O=C(NCCCOc1ccc2[nH]c3nc(O)nc-3cc2c1)N1CCC(N2CCCCC2)CC1,9.86,negative
CHEMBL113499,CCOC(=O)N1CCC(n2nnnc2CCCOc2ccc3[nH]c4nc(O)nc-4cc3c2)CC1,0.42,negative
CHEMBL1203039,CCC(CC)CN1CCC(n2nnnc2CCCOc2ccc3[nH]c4nc(O)nc-4cc3c2)CC1.Cl,0.81,negative
CHEMBL1203039,CCC(CC)CN1CCC(n2nnnc2CCCOc2ccc3[nH]c4nc(O)nc-4cc3c2)CC1.Cl,0.012,negative
CHEMBL1203039,CCC(CC)CN1CCC(n2nnnc2CCCOc2ccc3[nH]c4nc(O)nc-4cc3c2)CC1.Cl,0.003,negative
CHEMBL18224,O=S1(=O)c2cccc3cccc(c23)N1CCCN1CC=C(c2c[nH]c3ccc(F)cc23)CC1,0.3,negative
CHEMBL18224,O=S1(=O)c2cccc3cccc(c23)N1CCCN1CC=C(c2c[nH]c3ccc(F)cc23)CC1,6.0,negative
CHEMBL18224,O=S1(=O)c2cccc3cccc(c23)N1CCCN1CC=C(c2c[nH]c3ccc(F)cc23)CC1,75.0,negative
CHEMBL18224,O=S1(=O)c2cccc3cccc(c23)N1CCCN1CC=C(c2c[nH]c3ccc(F)cc23)CC1,13.0,negative
CHEMBL275354,O=S1(=O)c2cccc3cccc(c23)N1CCN1CCC(Cc2c[nH]c3cccc(F)c23)CC1,6.0,negative
CHEMBL275354,O=S1(=O)c2cccc3cccc(c23)N1CCN1CCC(Cc2c[nH]c3cccc(F)c23)CC1,23.0,negative
CHEMBL275354,O=S1(=O)c2cccc3cccc(c23)N1CCN1CCC(Cc2c[nH]c3cccc(F)c23)CC1,100.0,negative
CHEMBL275354,O=S1(=O)c2cccc3cccc(c23)N1CCN1CCC(Cc2c[nH]c3cccc(F)c23)CC1,100.0,negative
CHEMBL2110252,CC(C)c1ccc2oc(N[C@H](CN3CCCCC3)c3ccccc3)nc2c1,1200.0,negative
CHEMBL536245,Cc1cccc(NC(=O)N[C@H]2N=C(N3CCCCCC3)c3ccccc3N(C)C2=O)c1.Cl,7.9,negative
CHEMBL536245,Cc1cccc(NC(=O)N[C@H]2N=C(N3CCCCCC3)c3ccccc3N(C)C2=O)c1.Cl,144.0,negative
CHEMBL69336,Cn1c2ccccc2c2[nH]cc3nc4ccccc4c-3c21,157.04,negative
CHEMBL66841,CCOC(=O)c1cc2c(cn1)nc(O)c1ccccc12,2398.83,negative
CHEMBL68175,C=C(C)CN1Cc2cccc3[nH]c(=O)n(c23)C(C)C1,32100.0,negative
CHEMBL69775,C=C(C)CN1Cc2cccc3[nH]c(=O)n(c23)C(C(C)C)C1,12600.0,negative
CHEMBL320783,COC(=O)NC(C(=O)NN(Cc1ccc(OC)cc1)C[C@H](O)[C@H](Cc1ccccc1)NC(=O)[C@H](CC(N)=O)NC(=O)c1ccc2ccccc2n1)C(C)C,31.0,negative
CHEMBL431274,CCc1cc(NCc2nc3ccccc3s2)c(O)nc1C,346.74,negative
CHEMBL23705,COc1ccc(N(C)Cc2cnc3nc(N)nc(N)c3c2C)c(OC)c1,510.0,negative
CHEMBL23705,COc1ccc(N(C)Cc2cnc3nc(N)nc(N)c3c2C)c(OC)c1,330.0,negative
CHEMBL23705,COc1ccc(N(C)Cc2cnc3nc(N)nc(N)c3c2C)c(OC)c1,38.0,negative
CHEMBL23705,COc1ccc(N(C)Cc2cnc3nc(N)nc(N)c3c2C)c(OC)c1,1730.0,negative
CHEMBL296966,COc1cc(-c2ccc(/N=N/c3ccc4c(S(=O)(=O)[O-])cc(S(=O)(=O)[O-])c(N)c4c3O)c(OC)c2)ccc1/N=N/c1ccc2c(S(=O)(=O)[O-])cc(S(=O)(=O)[O-])c(N)c2c1O.[Na+].[Na+].[Na+].[Na+],4800.0,negative
CHEMBL308667,COc1ccc(Cn2cc[nH]c2=S)cc1OC,338844.16,negative
CHEMBL306643,S=c1[nH]ccn1Cc1ccc(Cl)cc1,95499.26,negative
CHEMBL293669,S=c1[nH]ccn1Cc1cc(Cl)cc(Cl)c1,2398.83,negative
CHEMBL307145,Oc1cccc(O)c1O,5660.0,negative
CHEMBL16300,O=C(NO)c1ccccc1,17600.0,negative
CHEMBL131384,NCCc1cc(O)c(O)cc1N,23000.0,negative
CHEMBL131384,NCCc1cc(O)c(O)cc1N,3000.0,negative
CHEMBL133161,CC(=O)Nc1ccc(OCCCNC(C)C)cc1,2500.0,negative
CHEMBL3143334,CC(C)C[C@H](NC(=O)[C@H](CC(=O)[C@H](Cc1ccc(O)cc1)NC(=O)[C@@H]1CCCN1C(=O)[C@H](CCCNC(=N)N)NC(=O)[C@@H](N)CCCNC(=N)N)Cc1ccccc1)C(=O)O,1200.0,negative
CHEMBL338733,c1ccc(CN2CCC(CCOC(c3ccccc3)c3ccccc3)CC2)cc1,15.2,negative
CHEMBL338733,c1ccc(CN2CCC(CCOC(c3ccccc3)c3ccccc3)CC2)cc1,743.0,negative
CHEMBL331755,CCc1c(C(=O)C(N)=O)c2c(OCC(=O)O)cccn2c1Cc1ccccc1Cc1ccccc1,6.0,negative
CHEMBL331755,CCc1c(C(=O)C(N)=O)c2c(OCC(=O)O)cccn2c1Cc1ccccc1Cc1ccccc1,1.3,negative
CHEMBL2111798,CCc1c(C(=O)C(N)=O)c2cc(OCCC(=O)O)ccn2c1Cc1ccccc1-c1ccccc1,240.0,negative
CHEMBL1741,CC[C@H]1OC(=O)[C@H](C)[C@@H](O[C@H]2C[C@@](C)(OC)[C@@H](O)[C@H](C)O2)[C@H](C)[C@@H](O[C@@H]2O[C@H](C)C[C@H](N(C)C)[C@H]2O)[C@](C)(OC)C[C@@H](C)C(=O)[C@H](C)[C@@H](O)[C@]1(C)O,90.0,negative
CHEMBL1741,CC[C@H]1OC(=O)[C@H](C)[C@@H](O[C@H]2C[C@@](C)(OC)[C@@H](O)[C@H](C)O2)[C@H](C)[C@@H](O[C@@H]2O[C@H](C)C[C@H](N(C)C)[C@H]2O)[C@](C)(OC)C[C@@H](C)C(=O)[C@H](C)[C@@H](O)[C@]1(C)O,500000.0,negative
CHEMBL304722,O=C(CC(O)CCc1ccc(O)c(O)c1)O[C@H]1Cc2cc(O)c(O)cc2O[C@H]1c1ccc(O)c(O)c1,1400.0,negative
CHEMBL304722,O=C(CC(O)CCc1ccc(O)c(O)c1)O[C@H]1Cc2cc(O)c(O)cc2O[C@H]1c1ccc(O)c(O)c1,1000.0,negative
CHEMBL67076,O=C(CCc1ccc(O)c(O)c1)c1ccc(O)c(O)c1O,1700.0,negative
CHEMBL67076,O=C(CCc1ccc(O)c(O)c1)c1ccc(O)c(O)c1O,1000.0,negative
CHEMBL177126,O=C(/C=C/c1ccc(O)c(O)c1)O[C@H]1[C@H](O)C[C@](O)(C(=O)O)C[C@H]1OC(=O)/C=C/c1ccc(O)c(O)c1,250.0,negative
CHEMBL177126,O=C(/C=C/c1ccc(O)c(O)c1)O[C@H]1[C@H](O)C[C@](O)(C(=O)O)C[C@H]1OC(=O)/C=C/c1ccc(O)c(O)c1,460.0,negative
CHEMBL11252,Cn1cc(NC(=O)c2cc(NC(=O)c3cc(NC=O)cn3C)cn2C)cc1C(=O)NCCC(=N)N,10069.0,negative
CHEMBL11252,Cn1cc(NC(=O)c2cc(NC(=O)c3cc(NC=O)cn3C)cn2C)cc1C(=O)NCCC(=N)N,0.42,negative
CHEMBL11252,Cn1cc(NC(=O)c2cc(NC(=O)c3cc(NC=O)cn3C)cn2C)cc1C(=O)NCCC(=N)N,1.2,negative
CHEMBL11252,Cn1cc(NC(=O)c2cc(NC(=O)c3cc(NC=O)cn3C)cn2C)cc1C(=O)NCCC(=N)N,20.0,negative
CHEMBL11252,Cn1cc(NC(=O)c2cc(NC(=O)c3cc(NC=O)cn3C)cn2C)cc1C(=O)NCCC(=N)N,200.0,negative
CHEMBL544442,C=C(Br)C(=O)Nc1cc(C(=O)Nc2cc(C(=O)Nc3cc(C(=O)NCCC(=N)N)n(C)c3)n(C)c2)n(C)c1.Cl,79.6,negative
CHEMBL544442,C=C(Br)C(=O)Nc1cc(C(=O)Nc2cc(C(=O)Nc3cc(C(=O)NCCC(=N)N)n(C)c3)n(C)c2)n(C)c1.Cl,0.42,negative
CHEMBL544442,C=C(Br)C(=O)Nc1cc(C(=O)Nc2cc(C(=O)Nc3cc(C(=O)NCCC(=N)N)n(C)c3)n(C)c2)n(C)c1.Cl,1.2,negative
CHEMBL343311,CC1=C(C)Cc2c(-c3ccccc3)[nH]c(-c3ccccc3)c2C1,14.5,negative
CHEMBL343311,CC1=C(C)Cc2c(-c3ccccc3)[nH]c(-c3ccccc3)c2C1,100.0,negative
CHEMBL145335,O=C(O)C(=O)CC(=O)c1cccc(Cc2cccc(Cl)c2)c1,100.0,negative
CHEMBL346624,CCOc1ccc(S(=O)(=O)N2C/C(=N\OC)C[C@@H]2C(=O)NO)cc1,22.0,negative
CHEMBL346624,CCOc1ccc(S(=O)(=O)N2C/C(=N\OC)C[C@@H]2C(=O)NO)cc1,0.3,negative
CHEMBL346624,CCOc1ccc(S(=O)(=O)N2C/C(=N\OC)C[C@@H]2C(=O)NO)cc1,16.0,negative
CHEMBL346624,CCOc1ccc(S(=O)(=O)N2C/C(=N\OC)C[C@@H]2C(=O)NO)cc1,1058.0,negative
CHEMBL346624,CCOc1ccc(S(=O)(=O)N2C/C(=N\OC)C[C@@H]2C(=O)NO)cc1,0.7,negative
CHEMBL3989904,CC[C@H]1OC(=O)[C@H](C)C(=O)[C@H](C)[C@@H](O[C@@H]2O[C@H](C)C[C@H](N(C)C)[C@H]2O)[C@](C)(OCC=Cc2cnc3ccccc3c2)C[C@@H](C)C(=O)[C@H](C)[C@H]2NC(=O)O[C@@]21C,40.0,negative
CHEMBL3989904,CC[C@H]1OC(=O)[C@H](C)C(=O)[C@H](C)[C@@H](O[C@@H]2O[C@H](C)C[C@H](N(C)C)[C@H]2O)[C@](C)(OCC=Cc2cnc3ccccc3c2)C[C@@H](C)C(=O)[C@H](C)[C@H]2NC(=O)O[C@@]21C,28000.0,negative
CHEMBL119335,CNC(=O)c1cc2c(Oc3ccc(C(=O)CC(C)(O)c4ccc(Oc5cncc6sc(C(=O)NC)cc56)cc4)cc3)cncc2s1,2.8,negative
CHEMBL119335,CNC(=O)c1cc2c(Oc3ccc(C(=O)CC(C)(O)c4ccc(Oc5cncc6sc(C(=O)NC)cc56)cc4)cc3)cncc2s1,3.8,negative
CHEMBL119335,CNC(=O)c1cc2c(Oc3ccc(C(=O)CC(C)(O)c4ccc(Oc5cncc6sc(C(=O)NC)cc56)cc4)cc3)cncc2s1,1000.0,negative
CHEMBL139415,CCCCNc1ccc(C(=O)N2CCCCc3ccccc32)c(Cl)c1,22.0,negative
CHEMBL137500,CCCCCNc1ccc(C(=O)N2CCCCc3ccccc32)c(Cl)c1,31.0,negative
CHEMBL267678,Cc1ccc(Sc2cncc3sc(C(N)=O)cc23)cc1,20.0,negative
CHEMBL267678,Cc1ccc(Sc2cncc3sc(C(N)=O)cc23)cc1,25.0,negative
CHEMBL267678,Cc1ccc(Sc2cncc3sc(C(N)=O)cc23)cc1,1000.0,negative
CHEMBL267678,Cc1ccc(Sc2cncc3sc(C(N)=O)cc23)cc1,152000.0,negative
CHEMBL267678,Cc1ccc(Sc2cncc3sc(C(N)=O)cc23)cc1,15000.0,negative
CHEMBL267678,Cc1ccc(Sc2cncc3sc(C(N)=O)cc23)cc1,25000.0,negative
CHEMBL267678,Cc1ccc(Sc2cncc3sc(C(N)=O)cc23)cc1,15000.0,negative
CHEMBL267678,Cc1ccc(Sc2cncc3sc(C(N)=O)cc23)cc1,10000.0,negative
CHEMBL267678,Cc1ccc(Sc2cncc3sc(C(N)=O)cc23)cc1,30000.0,negative
CHEMBL267678,Cc1ccc(Sc2cncc3sc(C(N)=O)cc23)cc1,40000.0,negative
CHEMBL267678,Cc1ccc(Sc2cncc3sc(C(N)=O)cc23)cc1,35000.0,negative
CHEMBL116089,NC(=O)c1cc2c(Oc3ccc(C(F)(F)F)cc3)cncc2s1,19.0,negative
CHEMBL116089,NC(=O)c1cc2c(Oc3ccc(C(F)(F)F)cc3)cncc2s1,13.0,negative
CHEMBL116089,NC(=O)c1cc2c(Oc3ccc(C(F)(F)F)cc3)cncc2s1,100.0,negative
CHEMBL116089,NC(=O)c1cc2c(Oc3ccc(C(F)(F)F)cc3)cncc2s1,71000.0,negative
CHEMBL117198,N#Cc1ccc(Oc2cncc3sc(C(N)=O)cc23)cc1,3.0,negative
CHEMBL117198,N#Cc1ccc(Oc2cncc3sc(C(N)=O)cc23)cc1,2.0,negative
CHEMBL117198,N#Cc1ccc(Oc2cncc3sc(C(N)=O)cc23)cc1,85.0,negative
CHEMBL116363,CNC(=O)c1cc2c(Oc3ccc(C(=N)NO)cc3)cncc2s1,13.0,negative
CHEMBL116363,CNC(=O)c1cc2c(Oc3ccc(C(=N)NO)cc3)cncc2s1,59.0,negative
CHEMBL116363,CNC(=O)c1cc2c(Oc3ccc(C(=N)NO)cc3)cncc2s1,1000.0,negative
CHEMBL116363,CNC(=O)c1cc2c(Oc3ccc(C(=N)NO)cc3)cncc2s1,10000.0,negative
CHEMBL116454,CNC(=O)c1cc2c(Oc3ccc(-c4noc(C(F)(F)F)n4)cc3)cncc2s1,28.0,negative
CHEMBL116454,CNC(=O)c1cc2c(Oc3ccc(-c4noc(C(F)(F)F)n4)cc3)cncc2s1,22.0,negative
CHEMBL116454,CNC(=O)c1cc2c(Oc3ccc(-c4noc(C(F)(F)F)n4)cc3)cncc2s1,1000.0,negative
CHEMBL326771,CNC(=O)c1cc2c(Oc3ccc(COC)cc3)cncc2s1,13.0,negative
CHEMBL326771,CNC(=O)c1cc2c(Oc3ccc(COC)cc3)cncc2s1,17.0,negative
CHEMBL326771,CNC(=O)c1cc2c(Oc3ccc(COC)cc3)cncc2s1,24.0,negative
CHEMBL115966,CNC(=O)c1cc2c(Oc3ccc(CO)cc3)cncc2s1,25.0,negative
CHEMBL115966,CNC(=O)c1cc2c(Oc3ccc(CO)cc3)cncc2s1,31.0,negative
CHEMBL115966,CNC(=O)c1cc2c(Oc3ccc(CO)cc3)cncc2s1,1000.0,negative
CHEMBL117746,COCCOCCOCc1ccc(Oc2cncc3sc(C(N)=O)cc23)cc1,5.0,negative
CHEMBL117746,COCCOCCOCc1ccc(Oc2cncc3sc(C(N)=O)cc23)cc1,4.0,negative
CHEMBL117746,COCCOCCOCc1ccc(Oc2cncc3sc(C(N)=O)cc23)cc1,1000.0,negative
CHEMBL169598,CC(C)[C@H](NS(=O)(=O)c1ccc(Cl)cc1)C(=O)N[C@@H](C=O)Cc1c[nH]c2ccccc12,13.0,negative
CHEMBL175651,O=C(CC1NCCc2ccccc21)NNC(=O)N[C@H](Cc1c[nH]c2ccccc12)C(=O)NCCc1ccccc1,19.0,negative
CHEMBL57046,O=C(N/N=C/c1ccc(Cl)cc1)NC(Cc1c[nH]c2ccccc12)C(=O)NCCc1ccccc1,2700.0,negative
CHEMBL276119,COc1ccc(S(=O)(=O)C2(C(=O)NO)CCN(Cc3cccc(OC)c3)CC2)cc1,519.0,negative
CHEMBL276119,COc1ccc(S(=O)(=O)C2(C(=O)NO)CCN(Cc3cccc(OC)c3)CC2)cc1,9.0,negative
CHEMBL276119,COc1ccc(S(=O)(=O)C2(C(=O)NO)CCN(Cc3cccc(OC)c3)CC2)cc1,2.0,negative
CHEMBL276119,COc1ccc(S(=O)(=O)C2(C(=O)NO)CCN(Cc3cccc(OC)c3)CC2)cc1,213.0,negative
CHEMBL78934,CCCCOc1ccc(S(=O)(=O)C2(C(=O)NO)CCN(Cc3ccc(Cl)c(Cl)c3)CC2)cc1,3670.0,negative
CHEMBL78934,CCCCOc1ccc(S(=O)(=O)C2(C(=O)NO)CCN(Cc3ccc(Cl)c(Cl)c3)CC2)cc1,20.0,negative
CHEMBL78934,CCCCOc1ccc(S(=O)(=O)C2(C(=O)NO)CCN(Cc3ccc(Cl)c(Cl)c3)CC2)cc1,5.0,negative
CHEMBL78369,O=C(NO)C1(S(=O)(=O)c2ccc(OCc3ccccc3)cc2)CCN(Cc2ccccc2)CC1,40.0,negative
CHEMBL78369,O=C(NO)C1(S(=O)(=O)c2ccc(OCc3ccccc3)cc2)CCN(Cc2ccccc2)CC1,3.0,negative
CHEMBL78369,O=C(NO)C1(S(=O)(=O)c2ccc(OCc3ccccc3)cc2)CCN(Cc2ccccc2)CC1,1.0,negative
CHEMBL78369,O=C(NO)C1(S(=O)(=O)c2ccc(OCc3ccccc3)cc2)CCN(Cc2ccccc2)CC1,416.0,negative
CHEMBL514138,COc1ccc(S(=O)(=O)N(Cc2cccnc2)[C@@H](C(=O)NO)C(C)C)cc1.Cl,15.0,negative
CHEMBL514138,COc1ccc(S(=O)(=O)N(Cc2cccnc2)[C@@H](C(=O)NO)C(C)C)cc1.Cl,9.0,negative
CHEMBL514138,COc1ccc(S(=O)(=O)N(Cc2cccnc2)[C@@H](C(=O)NO)C(C)C)cc1.Cl,8.0,negative
CHEMBL514138,COc1ccc(S(=O)(=O)N(Cc2cccnc2)[C@@H](C(=O)NO)C(C)C)cc1.Cl,231.0,negative
CHEMBL405483,CCCCc1ccc(CN2CCN(Cc3c(O)cc4c(c3O)-c3cc(ccc3O)C3NC(=O)C5NC(=O)C6NC(=O)C(Cc7ccc(cc7)Oc7cc5cc(c7OC5OC(C(=O)O)C(O)C(O)C5N)Oc5ccc(cc5Cl)C(O)C(NC3=O)C(=O)N[C@H]4C(=O)O)NC(=O)C(NC)c3ccc(O)c(c3)Oc3cc(O)c(Cl)c6c3)CC2)cc1,20000.0,negative
CHEMBL405483,CCCCc1ccc(CN2CCN(Cc3c(O)cc4c(c3O)-c3cc(ccc3O)C3NC(=O)C5NC(=O)C6NC(=O)C(Cc7ccc(cc7)Oc7cc5cc(c7OC5OC(C(=O)O)C(O)C(O)C5N)Oc5ccc(cc5Cl)C(O)C(NC3=O)C(=O)N[C@H]4C(=O)O)NC(=O)C(NC)c3ccc(O)c(c3)Oc3cc(O)c(Cl)c6c3)CC2)cc1,50000.0,negative
CHEMBL405483,CCCCc1ccc(CN2CCN(Cc3c(O)cc4c(c3O)-c3cc(ccc3O)C3NC(=O)C5NC(=O)C6NC(=O)C(Cc7ccc(cc7)Oc7cc5cc(c7OC5OC(C(=O)O)C(O)C(O)C5N)Oc5ccc(cc5Cl)C(O)C(NC3=O)C(=O)N[C@H]4C(=O)O)NC(=O)C(NC)c3ccc(O)c(c3)Oc3cc(O)c(Cl)c6c3)CC2)cc1,106000.0,negative
CHEMBL405483,CCCCc1ccc(CN2CCN(Cc3c(O)cc4c(c3O)-c3cc(ccc3O)C3NC(=O)C5NC(=O)C6NC(=O)C(Cc7ccc(cc7)Oc7cc5cc(c7OC5OC(C(=O)O)C(O)C(O)C5N)Oc5ccc(cc5Cl)C(O)C(NC3=O)C(=O)N[C@H]4C(=O)O)NC(=O)C(NC)c3ccc(O)c(c3)Oc3cc(O)c(Cl)c6c3)CC2)cc1,20000.0,negative
CHEMBL405483,CCCCc1ccc(CN2CCN(Cc3c(O)cc4c(c3O)-c3cc(ccc3O)C3NC(=O)C5NC(=O)C6NC(=O)C(Cc7ccc(cc7)Oc7cc5cc(c7OC5OC(C(=O)O)C(O)C(O)C5N)Oc5ccc(cc5Cl)C(O)C(NC3=O)C(=O)N[C@H]4C(=O)O)NC(=O)C(NC)c3ccc(O)c(c3)Oc3cc(O)c(Cl)c6c3)CC2)cc1,50000.0,negative
CHEMBL405483,CCCCc1ccc(CN2CCN(Cc3c(O)cc4c(c3O)-c3cc(ccc3O)C3NC(=O)C5NC(=O)C6NC(=O)C(Cc7ccc(cc7)Oc7cc5cc(c7OC5OC(C(=O)O)C(O)C(O)C5N)Oc5ccc(cc5Cl)C(O)C(NC3=O)C(=O)N[C@H]4C(=O)O)NC(=O)C(NC)c3ccc(O)c(c3)Oc3cc(O)c(Cl)c6c3)CC2)cc1,6900.0,negative
CHEMBL437840,NC1C(=O)NC2Cc3ccc(c(Cl)c3)Oc3cc4cc(c3O)Oc3ccc(cc3Cl)C(O)C3NC(=O)C(NC(=O)C4NC(=O)C(NC2=O)c2cc(O)cc(c2)Oc2cc1ccc2O)c1ccc(O)c(c1)-c1c(O)cc(O)cc1[C@H](C(=O)NC1C2CC4CC(C2)CC1C4)NC3=O,30000.0,negative
CHEMBL437840,NC1C(=O)NC2Cc3ccc(c(Cl)c3)Oc3cc4cc(c3O)Oc3ccc(cc3Cl)C(O)C3NC(=O)C(NC(=O)C4NC(=O)C(NC2=O)c2cc(O)cc(c2)Oc2cc1ccc2O)c1ccc(O)c(c1)-c1c(O)cc(O)cc1[C@H](C(=O)NC1C2CC4CC(C2)CC1C4)NC3=O,26000.0,negative
CHEMBL437840,NC1C(=O)NC2Cc3ccc(c(Cl)c3)Oc3cc4cc(c3O)Oc3ccc(cc3Cl)C(O)C3NC(=O)C(NC(=O)C4NC(=O)C(NC2=O)c2cc(O)cc(c2)Oc2cc1ccc2O)c1ccc(O)c(c1)-c1c(O)cc(O)cc1[C@H](C(=O)NC1C2CC4CC(C2)CC1C4)NC3=O,123000.0,negative
CHEMBL437840,NC1C(=O)NC2Cc3ccc(c(Cl)c3)Oc3cc4cc(c3O)Oc3ccc(cc3Cl)C(O)C3NC(=O)C(NC(=O)C4NC(=O)C(NC2=O)c2cc(O)cc(c2)Oc2cc1ccc2O)c1ccc(O)c(c1)-c1c(O)cc(O)cc1[C@H](C(=O)NC1C2CC4CC(C2)CC1C4)NC3=O,7000.0,negative
CHEMBL437840,NC1C(=O)NC2Cc3ccc(c(Cl)c3)Oc3cc4cc(c3O)Oc3ccc(cc3Cl)C(O)C3NC(=O)C(NC(=O)C4NC(=O)C(NC2=O)c2cc(O)cc(c2)Oc2cc1ccc2O)c1ccc(O)c(c1)-c1c(O)cc(O)cc1[C@H](C(=O)NC1C2CC4CC(C2)CC1C4)NC3=O,6000.0,negative
CHEMBL437840,NC1C(=O)NC2Cc3ccc(c(Cl)c3)Oc3cc4cc(c3O)Oc3ccc(cc3Cl)C(O)C3NC(=O)C(NC(=O)C4NC(=O)C(NC2=O)c2cc(O)cc(c2)Oc2cc1ccc2O)c1ccc(O)c(c1)-c1c(O)cc(O)cc1[C@H](C(=O)NC1C2CC4CC(C2)CC1C4)NC3=O,2100.0,negative
CHEMBL264310,O=CC(=O)c1[nH]c2ccccc2c1NC1C(=O)NC2Cc3ccc(c(Cl)c3)Oc3cc4cc(c3O)Oc3ccc(cc3Cl)C(O)C3NC(=O)C(NC(=O)C4NC(=O)C(NC2=O)c2cc(O)cc(c2)Oc2cc1ccc2O)c1ccc(O)c(c1)-c1c(O)cc(O)cc1[C@H](C(=O)O)NC3=O,192000.0,negative
CHEMBL264310,O=CC(=O)c1[nH]c2ccccc2c1NC1C(=O)NC2Cc3ccc(c(Cl)c3)Oc3cc4cc(c3O)Oc3ccc(cc3Cl)C(O)C3NC(=O)C(NC(=O)C4NC(=O)C(NC2=O)c2cc(O)cc(c2)Oc2cc1ccc2O)c1ccc(O)c(c1)-c1c(O)cc(O)cc1[C@H](C(=O)O)NC3=O,108000.0,negative
CHEMBL264310,O=CC(=O)c1[nH]c2ccccc2c1NC1C(=O)NC2Cc3ccc(c(Cl)c3)Oc3cc4cc(c3O)Oc3ccc(cc3Cl)C(O)C3NC(=O)C(NC(=O)C4NC(=O)C(NC2=O)c2cc(O)cc(c2)Oc2cc1ccc2O)c1ccc(O)c(c1)-c1c(O)cc(O)cc1[C@H](C(=O)O)NC3=O,108000.0,negative
CHEMBL264310,O=CC(=O)c1[nH]c2ccccc2c1NC1C(=O)NC2Cc3ccc(c(Cl)c3)Oc3cc4cc(c3O)Oc3ccc(cc3Cl)C(O)C3NC(=O)C(NC(=O)C4NC(=O)C(NC2=O)c2cc(O)cc(c2)Oc2cc1ccc2O)c1ccc(O)c(c1)-c1c(O)cc(O)cc1[C@H](C(=O)O)NC3=O,10000.0,negative
CHEMBL264310,O=CC(=O)c1[nH]c2ccccc2c1NC1C(=O)NC2Cc3ccc(c(Cl)c3)Oc3cc4cc(c3O)Oc3ccc(cc3Cl)C(O)C3NC(=O)C(NC(=O)C4NC(=O)C(NC2=O)c2cc(O)cc(c2)Oc2cc1ccc2O)c1ccc(O)c(c1)-c1c(O)cc(O)cc1[C@H](C(=O)O)NC3=O,15000.0,negative
CHEMBL264310,O=CC(=O)c1[nH]c2ccccc2c1NC1C(=O)NC2Cc3ccc(c(Cl)c3)Oc3cc4cc(c3O)Oc3ccc(cc3Cl)C(O)C3NC(=O)C(NC(=O)C4NC(=O)C(NC2=O)c2cc(O)cc(c2)Oc2cc1ccc2O)c1ccc(O)c(c1)-c1c(O)cc(O)cc1[C@H](C(=O)O)NC3=O,4400.0,negative
CHEMBL267216,COC(=O)[C@@H]1NC(=O)C2NC(=O)C(NC(=O)C(NC(=O)OC(C)(C)C)c3cc(Oc4ccc(CC(NC(=O)OCc5ccccc5)C(=O)O)cc4Cl)c(O)c(c3)Oc3ccc(cc3Cl)C2O)c2ccc(O)c(c2)-c2c1cc(O)c(CNC1C3CC4CC(C3)CC1C4)c2O,95000.0,negative
CHEMBL267216,COC(=O)[C@@H]1NC(=O)C2NC(=O)C(NC(=O)C(NC(=O)OC(C)(C)C)c3cc(Oc4ccc(CC(NC(=O)OCc5ccccc5)C(=O)O)cc4Cl)c(O)c(c3)Oc3ccc(cc3Cl)C2O)c2ccc(O)c(c2)-c2c1cc(O)c(CNC1C3CC4CC(C3)CC1C4)c2O,122000.0,negative
CHEMBL267216,COC(=O)[C@@H]1NC(=O)C2NC(=O)C(NC(=O)C(NC(=O)OC(C)(C)C)c3cc(Oc4ccc(CC(NC(=O)OCc5ccccc5)C(=O)O)cc4Cl)c(O)c(c3)Oc3ccc(cc3Cl)C2O)c2ccc(O)c(c2)-c2c1cc(O)c(CNC1C3CC4CC(C3)CC1C4)c2O,240000.0,negative
CHEMBL267216,COC(=O)[C@@H]1NC(=O)C2NC(=O)C(NC(=O)C(NC(=O)OC(C)(C)C)c3cc(Oc4ccc(CC(NC(=O)OCc5ccccc5)C(=O)O)cc4Cl)c(O)c(c3)Oc3ccc(cc3Cl)C2O)c2ccc(O)c(c2)-c2c1cc(O)c(CNC1C3CC4CC(C3)CC1C4)c2O,17000.0,negative
CHEMBL267216,COC(=O)[C@@H]1NC(=O)C2NC(=O)C(NC(=O)C(NC(=O)OC(C)(C)C)c3cc(Oc4ccc(CC(NC(=O)OCc5ccccc5)C(=O)O)cc4Cl)c(O)c(c3)Oc3ccc(cc3Cl)C2O)c2ccc(O)c(c2)-c2c1cc(O)c(CNC1C3CC4CC(C3)CC1C4)c2O,11000.0,negative
CHEMBL267216,COC(=O)[C@@H]1NC(=O)C2NC(=O)C(NC(=O)C(NC(=O)OC(C)(C)C)c3cc(Oc4ccc(CC(NC(=O)OCc5ccccc5)C(=O)O)cc4Cl)c(O)c(c3)Oc3ccc(cc3Cl)C2O)c2ccc(O)c(c2)-c2c1cc(O)c(CNC1C3CC4CC(C3)CC1C4)c2O,26000.0,negative
CHEMBL132256,CC1=CC(C)(C)Nc2ccc3c(c21)/C(=C/c1ccccc1Cl)Oc1ccc(F)cc1-3,12.0,negative
CHEMBL334747,CC1=CC(C)(C)Nc2ccc3c(c21)/C(=C/c1ccccc1C#N)Oc1ccc(F)cc1-3,11.0,negative
CHEMBL334747,CC1=CC(C)(C)Nc2ccc3c(c21)/C(=C/c1ccccc1C#N)Oc1ccc(F)cc1-3,97.0,negative
CHEMBL139552,O=C(CO)[C@H]1CCCN1C(=O)[C@@H]1CCCN1C(=O)c1cccc(C(=O)N2CCC[C@@H]2C(=O)C2CCCC2)c1,0.61,negative
CHEMBL344247,CC(=O)[C@H]1CCCN1C(=O)c1cccc(C(=O)N2CCC[C@H]2C(=O)N2CCC[C@@H]2C(=O)CO)c1,1.2,negative
CHEMBL543416,CC(C)[C@@H]1C(=O)N(S(C)(=O)=O)[C@@H]2CCN(C(=O)c3cnc(CNC4CC4)cn3)[C@H]21.Cl,11.0,negative
CHEMBL543416,CC(C)[C@@H]1C(=O)N(S(C)(=O)=O)[C@@H]2CCN(C(=O)c3cnc(CNC4CC4)cn3)[C@H]21.Cl,540.0,negative
CHEMBL543416,CC(C)[C@@H]1C(=O)N(S(C)(=O)=O)[C@@H]2CCN(C(=O)c3cnc(CNC4CC4)cn3)[C@H]21.Cl,100000.0,negative
CHEMBL543416,CC(C)[C@@H]1C(=O)N(S(C)(=O)=O)[C@@H]2CCN(C(=O)c3cnc(CNC4CC4)cn3)[C@H]21.Cl,100000.0,negative
CHEMBL543416,CC(C)[C@@H]1C(=O)N(S(C)(=O)=O)[C@@H]2CCN(C(=O)c3cnc(CNC4CC4)cn3)[C@H]21.Cl,150.0,negative
CHEMBL543416,CC(C)[C@@H]1C(=O)N(S(C)(=O)=O)[C@@H]2CCN(C(=O)c3cnc(CNC4CC4)cn3)[C@H]21.Cl,260.0,negative
CHEMBL133795,OC1(c2cccc(F)c2)c2ccccc2C2=NCCCN21,2.0,negative
CHEMBL129899,OC1(c2ccc(Cl)c(Cl)c2)c2ccccc2C2=NCCN21,2.5,negative
CHEMBL337468,OC(c1ccc(Cl)cc1)c1ccccc1C1=NCCN1,2700.0,negative
CHEMBL335318,OC1CN=C2c3ccccc3C(O)(c3ccc(Cl)cc3)N2C1,10.0,negative
CHEMBL88354,CC/C(=N\NC(N)=O)c1cccc(C(F)(F)F)c1,10000.0,negative
CHEMBL104746,Cn1nc(-c2cccc(Cl)c2Cl)cc1C1CCN(C(=O)CNC(=O)[C@H](N=C(N)N)C2CCCCC2)CC1,20000.0,negative
CHEMBL265306,CC(C)C[C@@H](N=C(N)N)C(=O)NCC(=O)N1CCC(c2cc(-c3ccc(OCc4ccccc4)c(Cl)c3Cl)nn2C)CC1,35000.0,negative
CHEMBL76912,O=C([O-])Cc1cc(F)ccc1Nc1c(Cl)cccc1Cl.[Na+],741310241.3,negative
CHEMBL343246,O=C(Cc1ccc(Cl)c(Cl)c1)N1CCCCC1CN1CC=CC1,3.5,negative
CHEMBL37092,O=C(O)CNS(=O)(=O)c1ccc(NC(=O)c2ccccc2)cc1,880.0,negative
CHEMBL1907955,O=C(O)[C@H](NS(=O)(=O)c1ccccc1)c1ccccc1,460000.0,negative
CHEMBL36920,O=C(O)c1ccccc1NS(=O)(=O)c1ccc2ccccc2c1,5700.0,negative
CHEMBL296407,N#C/C(=C\c1ccc(O)c(O)c1)C(N)=O,10000.0,negative
CHEMBL309625,N#CC(C#N)=C(N)/C(C#N)=C/c1ccc(O)c([N+](=O)[O-])c1,60000.0,negative
CHEMBL77825,COc1ccc(NN=C(C#N)C#N)cc1,600000.0,negative
CHEMBL421877,COc1cc(C=C(C#N)C#N)cc(OC)c1O,850000.0,negative
CHEMBL85250,CC(C)Oc1cccc(-n2c(/C=C/c3c[nH]c4ccc(Br)cc34)nc3ccccc3c2=O)c1,1400.0,negative
CHEMBL166568,O=C(NS(=O)(=O)c1ccccc1)c1ccc(C(=O)O)nc1,1100.0,negative
CHEMBL1744305,O=C(CCCN1CCN(c2ccc(F)cc2)CC1)NC1c2ccccc2CSc2ccccc21.O=C(O)/C=C\C(=O)O,16.0,negative
CHEMBL1744305,O=C(CCCN1CCN(c2ccc(F)cc2)CC1)NC1c2ccccc2CSc2ccccc21.O=C(O)/C=C\C(=O)O,21.0,negative
CHEMBL313227,CC[C@@H]1C(=O)SC[C@@H]1Cc1cncn1C,54.0,negative
CHEMBL313227,CC[C@@H]1C(=O)SC[C@@H]1Cc1cncn1C,435.0,negative
CHEMBL300504,CC(C)[C@H](C[C@H](O)[C@H](CC1CCCCC1)NC(=O)[C@H](Cc1c[nH]cn1)NC(=O)[C@H](Cc1ccccc1)NC(=O)OC(C)(C)C)NS(=O)(=O)C(C)C,67.0,negative
